date,symbol,open,high,low,close,volume
2025-07-28,SPY,332.34,334.57,331.02,333.24,11350932
2025-07-28,QQQ,476.47,480.47,474.56,478.55,19799114
2025-07-28,IWM,309.7,311.81,308.46,310.57,7303905
2025-07-28,EFA,228.51,229.42,226.38,227.29,13495588
2025-07-28,EEM,489.31,498.78,487.36,496.8,19937057
2025-07-28,TLT,70.96,72.21,70.68,71.92,2999883
2025-07-28,GLD,436.31,438.06,431.09,432.82,18841570
2025-07-28,DBC,180.32,181.05,178.28,179.0,15347616
2025-07-29,SPY,333.24,335.14,331.9,333.8,16206344
2025-07-29,QQQ,478.55,480.47,470.57,472.46,13132690
2025-07-29,IWM,310.57,311.81,308.08,309.32,9190519
2025-07-29,EFA,227.29,231.53,226.38,230.61,3746598
2025-07-29,EEM,496.8,498.78,488.93,490.89,12525131
2025-07-29,TLT,71.92,72.21,71.07,71.36,16060376
2025-07-29,GLD,432.82,434.55,428.4,430.12,4961630
2025-07-29,DBC,179.0,184.64,178.28,183.9,18177615
2025-07-30,SPY,333.8,335.14,328.49,329.81,6099754
2025-07-30,QQQ,472.46,478.8,470.57,476.89,17406879
2025-07-30,IWM,309.32,310.56,302.39,303.6,3604511
2025-07-30,EFA,230.61,233.92,229.69,232.99,19725914
2025-07-30,EEM,490.89,492.85,479.06,480.98,11527619
2025-07-30,TLT,71.36,71.64,70.15,70.44,12412612
2025-07-30,GLD,430.12,431.85,426.53,428.25,16307710
2025-07-30,DBC,183.9,184.64,180.99,181.72,3307301
2025-07-31,SPY,329.81,334.73,328.49,333.4,16908100
2025-07-31,QQQ,476.89,478.8,463.97,465.83,3181037
2025-07-31,IWM,303.6,308.8,302.39,307.57,15953222
2025-07-31,EFA,232.99,235.04,232.05,234.1,10549441
2025-07-31,EEM,480.98,482.9,476.91,478.82,12643564
2025-07-31,TLT,70.44,70.72,68.1,68.38,1757086
2025-07-31,GLD,428.25,433.21,426.53,431.49,4929082
2025-07-31,DBC,181.72,182.44,180.46,181.19,17565588
2025-08-01,SPY,333.4,339.23,332.06,337.88,5339937
2025-08-01,QQQ,465.83,470.95,463.97,469.08,9308575
2025-08-01,IWM,307.57,308.8,301.89,303.1,17660000
2025-08-01,EFA,234.1,237.72,233.16,236.77,3703859
2025-08-01,EEM,478.82,483.75,476.91,481.82,10322734
2025-08-01,TLT,68.38,69.55,68.1,69.27,5594478
2025-08-01,GLD,431.49,436.37,429.76,434.63,10342260
2025-08-01,DBC,181.19,181.91,177.36,178.08,14935038
2025-08-04,SPY,337.88,343.55,336.52,342.18,13765491
2025-08-04,QQQ,469.08,470.95,466.44,468.31,8742735
2025-08-04,IWM,303.1,305.46,301.89,304.24,8783180
2025-08-04,EFA,236.77,238.7,235.83,237.75,8829459
2025-08-04,EEM,481.82,494.46,479.9,492.49,7118411
2025-08-04,TLT,69.27,69.71,68.99,69.43,9816313
2025-08-04,GLD,434.63,436.37,432.33,434.06,18937896
2025-08-04,DBC,178.08,179.83,177.36,179.11,13390093
2025-08-05,SPY,342.18,343.55,338.94,340.3,5210796
2025-08-05,QQQ,468.31,470.19,463.39,465.25,18297022
2025-08-05,IWM,304.24,309.31,303.02,308.07,2811700
2025-08-05,EFA,237.75,238.7,235.81,236.76,16322420
2025-08-05,EEM,492.49,502.67,490.52,500.66,19766045
2025-08-05,TLT,69.43,69.71,68.13,68.41,14166051
2025-08-05,GLD,434.06,435.8,429.09,430.81,17157224
2025-08-05,DBC,179.11,180.96,178.39,180.24,14436625
2025-08-06,SPY,340.3,342.69,338.94,341.32,8004930
2025-08-06,QQQ,465.25,467.8,463.39,465.94,15784984
2025-08-06,IWM,308.07,310.77,306.84,309.53,2764144
2025-08-06,EFA,236.76,239.25,235.81,238.3,4435289
2025-08-06,EEM,500.66,506.19,498.66,504.17,4404579
2025-08-06,TLT,68.41,68.69,68.13,68.42,13200724
2025-08-06,GLD,430.81,432.53,427.84,429.56,7977734
2025-08-06,DBC,180.24,180.96,179.15,179.87,13624162
2025-08-07,SPY,341.32,344.02,339.96,342.65,12656458
2025-08-07,QQQ,465.94,471.03,464.08,469.15,13219297
2025-08-07,IWM,309.53,310.77,307.2,308.44,17376846
2025-08-07,EFA,238.3,239.35,237.35,238.4,16636011
2025-08-07,EEM,504.17,506.19,497.5,499.49,5835780
2025-08-07,TLT,68.42,68.81,68.15,68.54,4428847
2025-08-07,GLD,429.56,431.28,427.7,429.42,17059887
2025-08-07,DBC,179.87,180.59,176.37,177.07,6416980
2025-08-08,SPY,342.65,344.02,339.41,340.78,18725376
2025-08-08,QQQ,469.15,471.03,466.83,468.7,13138398
2025-08-08,IWM,308.44,311.89,307.2,310.64,1907395
2025-08-08,EFA,238.4,241.37,237.44,240.41,18720412
2025-08-08,EEM,499.49,501.49,495.31,497.3,4053807
2025-08-08,TLT,68.54,70.22,68.27,69.94,9761572
2025-08-08,GLD,429.42,431.13,419.3,420.99,12935182
2025-08-08,DBC,177.07,177.78,176.0,176.71,8475684
2025-08-11,SPY,340.78,342.14,334.69,336.04,12061721
2025-08-11,QQQ,468.7,470.58,464.87,466.73,8484036
2025-08-11,IWM,310.64,311.89,306.08,307.31,7548014
2025-08-11,EFA,240.41,241.37,236.99,237.94,9032517
2025-08-11,EEM,497.3,503.42,495.31,501.41,8608114
2025-08-11,TLT,69.94,70.22,68.17,68.44,7708134
2025-08-11,GLD,420.99,422.67,415.68,417.35,1972412
2025-08-11,DBC,176.71,177.42,175.9,176.6,1937412
2025-08-12,SPY,336.04,338.21,334.69,336.87,7497646
2025-08-12,QQQ,466.73,468.6,458.99,460.84,12552150
2025-08-12,IWM,307.31,308.54,300.5,301.71,12727933
2025-08-12,EFA,237.94,240.43,236.99,239.47,13235150
2025-08-12,EEM,501.41,505.99,499.41,503.97,16773266
2025-08-12,TLT,68.44,68.96,68.17,68.68,7600363
2025-08-12,GLD,417.35,419.02,413.31,414.97,1064032
2025-08-12,DBC,176.6,179.09,175.9,178.38,17088458
2025-08-13,SPY,336.87,340.43,335.52,339.07,3844693
2025-08-13,QQQ,460.84,462.68,456.32,458.15,5023298
2025-08-13,IWM,301.71,306.96,300.5,305.74,7688049
2025-08-13,EFA,239.47,240.43,236.5,237.45,17040117
2025-08-13,EEM,503.97,510.96,501.95,508.92,12157425
2025-08-13,TLT,68.68,68.96,67.74,68.01,3910842
2025-08-13,GLD,414.97,419.65,413.31,417.98,14282135
2025-08-13,DBC,178.38,179.09,173.38,174.08,16541088
2025-08-14,SPY,339.07,340.43,332.27,333.61,6330324
2025-08-14,QQQ,458.15,467.39,456.32,465.53,6704376
2025-08-14,IWM,305.74,307.78,304.51,306.55,16614685
2025-08-14,EFA,237.45,238.4,236.41,237.36,5904795
2025-08-14,EEM,508.92,510.96,501.21,503.22,16916777
2025-08-14,TLT,68.01,68.28,66.9,67.16,12757725
2025-08-14,GLD,417.98,422.18,416.31,420.5,1717953
2025-08-14,DBC,174.08,176.65,173.38,175.94,1477913
2025-08-15,SPY,333.61,336.35,332.27,335.01,4448457
2025-08-15,QQQ,465.53,467.39,455.51,457.34,18669127
2025-08-15,IWM,306.55,307.97,305.32,306.74,7536585
2025-08-15,EFA,237.36,238.31,235.22,236.16,8081405
2025-08-15,EEM,503.22,509.4,501.21,507.37,17816203
2025-08-15,TLT,67.16,67.57,66.9,67.3,9071162
2025-08-15,GLD,420.5,422.34,418.82,420.66,19265447
2025-08-15,DBC,175.94,176.65,173.8,174.5,15059728
2025-08-18,SPY,335.01,336.89,333.67,335.55,12871021
2025-08-18,QQQ,457.34,459.17,453.84,455.67,16373331
2025-08-18,IWM,306.74,307.97,303.21,304.43,18339616
2025-08-18,EFA,236.16,237.11,231.96,232.89,15113942
2025-08-18,EEM,507.37,515.22,505.34,513.17,5387686
2025-08-18,TLT,67.3,67.57,65.28,65.55,18845084
2025-08-18,GLD,420.66,424.84,418.98,423.15,15768141
2025-08-18,DBC,174.5,176.95,173.8,176.24,7144081
2025-08-19,SPY,335.55,336.89,330.54,331.87,6026537
2025-08-19,QQQ,455.67,457.49,448.13,449.93,6782996
2025-08-19,IWM,304.43,308.14,303.21,306.91,5037826
2025-08-19,EFA,232.89,235.97,231.96,235.03,19672223
2025-08-19,EEM,513.17,523.75,511.11,521.67,18808221
2025-08-19,TLT,65.55,66.37,65.28,66.11,19637536
2025-08-19,GLD,423.15,424.84,414.86,416.53,19800418
2025-08-19,DBC,176.24,177.35,175.54,176.64,2906649
2025-08-20,SPY,331.87,333.26,330.54,331.93,4279787
2025-08-20,QQQ,449.93,455.85,448.13,454.03,18036054
2025-08-20,IWM,306.91,308.14,305.29,306.51,3126305
2025-08-20,EFA,235.03,236.05,234.09,235.11,15872948
2025-08-20,EEM,521.67,523.75,512.57,514.63,18185287
2025-08-20,TLT,66.11,68.75,65.84,68.48,7690861
2025-08-20,GLD,416.53,418.19,413.3,414.96,18894089
2025-08-20,DBC,176.64,177.35,174.25,174.95,17040237
2025-08-21,SPY,331.93,333.26,328.58,329.9,18556002
2025-08-21,QQQ,454.03,455.85,451.95,453.77,9710471
2025-08-21,IWM,306.51,312.9,305.29,311.66,7797742
2025-08-21,EFA,235.11,236.05,232.09,233.03,16016555
2025-08-21,EEM,514.63,518.88,512.57,516.82,15835021
2025-08-21,TLT,68.48,69.15,68.2,68.88,11602522
2025-08-21,GLD,414.96,418.99,413.3,417.32,3453525
2025-08-21,DBC,174.95,176.28,174.25,175.58,8136685
2025-08-22,SPY,329.9,331.22,326.31,327.62,6182368
2025-08-22,QQQ,453.77,455.58,444.02,445.8,13287072
2025-08-22,IWM,311.66,316.58,310.41,315.32,16694610
2025-08-22,EFA,233.03,237.22,232.09,236.28,8368144
2025-08-22,EEM,516.82,519.07,514.75,517.0,17349758
2025-08-22,TLT,68.88,69.15,68.17,68.44,6462499
2025-08-22,GLD,417.32,426.03,415.65,424.33,6417901
2025-08-22,DBC,175.58,176.28,174.75,175.45,15479469
2025-08-25,SPY,327.62,331.76,326.31,330.44,15135692
2025-08-25,QQQ,445.8,447.58,443.75,445.54,7568101
2025-08-25,IWM,315.32,316.58,313.53,314.78,13279328
2025-08-25,EFA,236.28,237.87,235.33,236.92,1653738
2025-08-25,EEM,517.0,519.07,511.76,513.82,1606730
2025-08-25,TLT,68.44,69.68,68.17,69.41,13896463
2025-08-25,GLD,424.33,426.03,419.91,421.59,18188669
2025-08-25,DBC,175.45,178.34,174.75,177.63,3157241
2025-08-26,SPY,330.44,336.51,329.11,335.17,8668994
2025-08-26,QQQ,445.54,454.79,443.75,452.98,4515819
2025-08-26,IWM,314.78,318.11,313.53,316.85,7091853
2025-08-26,EFA,236.92,238.64,235.97,237.68,10074665
2025-08-26,EEM,513.82,516.5,511.76,514.45,9677478
2025-08-26,TLT,69.41,69.68,67.3,67.57,14621348
2025-08-26,GLD,421.59,428.22,419.91,426.52,17596426
2025-08-26,DBC,177.63,181.6,176.92,180.87,11973926
2025-08-27,SPY,335.17,337.37,333.83,336.02,7152004
2025-08-27,QQQ,452.98,455.67,451.17,453.86,15271271
2025-08-27,IWM,316.85,320.03,315.58,318.75,1564778
2025-08-27,EFA,237.68,238.64,235.67,236.62,3971779
2025-08-27,EEM,514.45,517.53,512.39,515.46,8462773
2025-08-27,TLT,67.57,67.84,66.92,67.19,3235481
2025-08-27,GLD,426.52,428.22,424.5,426.21,1387430
2025-08-27,DBC,180.87,182.58,180.15,181.85,12380045
2025-08-28,SPY,336.02,340.33,334.68,338.97,9987881
2025-08-28,QQQ,453.86,455.67,451.78,453.59,5336064
2025-08-28,IWM,318.75,324.41,317.48,323.12,4672581
2025-08-28,EFA,236.62,238.37,235.67,237.42,6417332
2025-08-28,EEM,515.46,517.53,513.36,515.42,11468727
2025-08-28,TLT,67.19,68.1,66.92,67.82,11234282
2025-08-28,GLD,426.21,427.91,421.84,423.53,15954769
2025-08-28,DBC,181.85,182.58,180.96,181.69,17780188
2025-08-29,SPY,338.97,340.33,336.61,337.96,1609452
2025-08-29,QQQ,453.59,455.41,448.09,449.89,9403665
2025-08-29,IWM,323.12,325.14,321.83,323.85,17966932
2025-08-29,EFA,237.42,238.39,236.47,237.45,19490140
2025-08-29,EEM,515.42,524.79,513.36,522.7,9243636
2025-08-29,TLT,67.82,68.1,67.4,67.67,16000695
2025-08-29,GLD,423.53,430.68,421.84,428.96,15501473
2025-08-29,DBC,181.69,184.55,180.96,183.81,17609496
2025-09-01,SPY,337.96,339.32,331.09,332.42,18001559
2025-09-01,QQQ,449.89,451.69,444.97,446.75,11327485
2025-09-01,IWM,323.85,325.14,319.78,321.06,12499259
2025-09-01,EFA,237.45,238.39,231.07,232.0,7664731
2025-09-01,EEM,522.7,529.68,520.61,527.57,5688185
2025-09-01,TLT,67.67,67.94,66.09,66.35,14579401
2025-09-01,GLD,428.96,441.63,427.25,439.87,5355988
2025-09-01,DBC,183.81,184.55,182.82,183.55,1478322
2025-09-02,SPY,332.42,337.92,331.09,336.57,9576307
2025-09-02,QQQ,446.75,452.12,444.97,450.32,15453259
2025-09-02,IWM,321.06,323.16,319.78,321.87,13780271
2025-09-02,EFA,232.0,233.59,231.07,232.66,17976626
2025-09-02,EEM,527.57,529.68,523.38,525.48,9127317
2025-09-02,TLT,66.35,66.62,65.41,65.67,10833411
2025-09-02,GLD,439.87,443.94,438.11,442.17,10027373
2025-09-02,DBC,183.55,184.68,182.82,183.95,15959391
2025-09-03,SPY,336.57,340.64,335.23,339.28,12036930
2025-09-03,QQQ,450.32,452.16,448.52,450.36,19356736
2025-09-03,IWM,321.87,323.16,320.46,321.75,11386704
2025-09-03,EFA,232.66,234.01,231.73,233.07,8310365
2025-09-03,EEM,525.48,527.65,523.38,525.55,13805264
2025-09-03,TLT,65.67,65.98,65.41,65.72,3814900
2025-09-03,GLD,442.17,443.94,435.67,437.42,7743771
2025-09-03,DBC,183.95,185.1,183.21,184.36,9327518
2025-09-04,SPY,339.28,340.64,337.69,339.04,9864030
2025-09-04,QQQ,450.36,452.16,448.47,450.27,4011624
2025-09-04,IWM,321.75,325.53,320.46,324.23,14219729
2025-09-04,EFA,233.07,236.08,232.14,235.14,1754778
2025-09-04,EEM,525.55,527.65,521.11,523.2,3834769
2025-09-04,TLT,65.72,67.3,65.46,67.04,18756654
2025-09-04,GLD,437.42,440.42,435.67,438.67,14070003
2025-09-04,DBC,184.36,185.1,182.87,183.61,11943266
2025-09-05,SPY,339.04,340.4,337.13,338.48,10535383
2025-09-05,QQQ,450.27,452.07,442.53,444.31,5857078
2025-09-05,IWM,324.23,330.87,322.93,329.55,18212793
2025-09-05,EFA,235.14,237.08,234.2,236.13,15403062
2025-09-05,EEM,523.2,525.29,520.25,522.34,5674387
2025-09-05,TLT,67.04,67.3,65.03,65.29,18574378
2025-09-05,GLD,438.67,440.42,436.87,438.62,1539547
2025-09-05,DBC,183.61,184.34,180.64,181.37,8715530
2025-09-08,SPY,338.48,340.59,337.13,339.23,13103334
2025-09-08,QQQ,444.31,446.78,442.53,445.0,4520412
2025-09-08,IWM,329.55,330.87,326.25,327.56,2703904
2025-09-08,EFA,236.13,238.6,235.19,237.65,1632188
2025-09-08,EEM,522.34,524.43,514.23,516.3,17417992
2025-09-08,TLT,65.29,65.55,64.02,64.28,9851420
2025-09-08,GLD,438.62,447.38,436.87,445.59,17876907
2025-09-08,DBC,181.37,182.23,180.64,181.51,18958325
2025-09-09,SPY,339.23,343.53,337.87,342.16,16900050
2025-09-09,QQQ,445.0,450.14,443.22,448.35,9462210
2025-09-09,IWM,327.56,331.07,326.25,329.75,8878098
2025-09-09,EFA,237.65,238.6,232.94,233.88,7885957
2025-09-09,EEM,516.3,519.64,514.23,517.57,16446449
2025-09-09,TLT,64.28,65.92,64.02,65.66,17574170
2025-09-09,GLD,445.59,448.15,443.81,446.36,10640831
2025-09-09,DBC,181.51,182.23,180.27,181.0,2568585
2025-09-10,SPY,342.16,343.53,337.84,339.19,3599522
2025-09-10,QQQ,448.35,450.14,441.58,443.36,5946764
2025-09-10,IWM,329.75,331.07,326.64,327.96,11214544
2025-09-10,EFA,233.88,237.35,232.94,236.41,5477537
2025-09-10,EEM,517.57,521.97,515.5,519.89,10018517
2025-09-10,TLT,65.66,65.96,65.4,65.7,4339305
2025-09-10,GLD,446.36,448.15,442.31,444.09,10759523
2025-09-10,DBC,181.0,181.72,177.89,178.6,18332061
2025-09-11,SPY,339.19,340.55,337.18,338.54,4976296
2025-09-11,QQQ,443.36,450.67,441.58,448.87,19423950
2025-09-11,IWM,327.96,331.93,326.64,330.61,16869406
2025-09-11,EFA,236.41,242.78,235.46,241.82,1587352
2025-09-11,EEM,519.89,521.97,517.47,519.54,17999296
2025-09-11,TLT,65.7,66.35,65.43,66.08,16081071
2025-09-11,GLD,444.09,449.71,442.31,447.92,8070214
2025-09-11,DBC,178.6,179.32,177.89,178.61,3503592
2025-09-12,SPY,338.54,339.89,335.88,337.22,18584727
2025-09-12,QQQ,448.87,450.67,445.62,447.41,9784851
2025-09-12,IWM,330.61,333.6,329.29,332.27,18070627
2025-09-12,EFA,241.82,242.78,240.45,241.42,10380741
2025-09-12,EEM,519.54,528.93,517.47,526.83,8763945
2025-09-12,TLT,66.08,66.35,64.86,65.12,17706347
2025-09-12,GLD,447.92,453.32,446.12,451.51,1833304
2025-09-12,DBC,178.61,179.32,176.77,177.48,6337344
2025-09-15,SPY,337.22,341.9,335.88,340.54,16125005
2025-09-15,QQQ,447.41,449.27,445.62,447.48,14603615
2025-09-15,IWM,332.27,333.6,330.65,331.98,12541387
2025-09-15,EFA,241.42,243.42,240.45,242.45,13620028
2025-09-15,EEM,526.83,528.93,520.36,522.45,1058431
2025-09-15,TLT,65.12,67.09,64.86,66.82,11890009
2025-09-15,GLD,451.51,453.32,449.6,451.41,5027919
2025-09-15,DBC,177.48,178.19,173.56,174.26,7567982
2025-09-16,SPY,340.54,341.9,337.82,339.18,10725180
2025-09-16,QQQ,447.48,449.27,435.03,436.78,9496392
2025-09-16,IWM,331.98,333.31,328.91,330.23,3563581
2025-09-16,EFA,242.45,244.88,241.48,243.91,13103396
2025-09-16,EEM,522.45,533.81,520.36,531.69,2619608
2025-09-16,TLT,66.82,67.09,65.83,66.1,10416638
2025-09-16,GLD,451.41,459.32,449.6,457.49,10583923
2025-09-16,DBC,174.26,176.98,173.56,176.27,5996737
2025-09-17,SPY,339.18,340.58,337.82,339.23,18145072
2025-09-17,QQQ,436.78,442.43,435.03,440.67,11589824
2025-09-17,IWM,330.23,332.78,328.91,331.45,15352828
2025-09-17,EFA,243.91,246.74,242.93,245.76,1973458
2025-09-17,EEM,531.69,537.33,529.56,535.19,19594288
2025-09-17,TLT,66.1,66.36,64.6,64.86,19429038
2025-09-17,GLD,457.49,459.67,455.66,457.84,14787046
2025-09-17,DBC,176.27,177.73,175.57,177.03,16128365
2025-09-18,SPY,339.23,340.58,336.76,338.11,10603557
2025-09-18,QQQ,440.67,442.43,437.02,438.78,17293196
2025-09-18,IWM,331.45,339.26,330.12,337.91,5271859
2025-09-18,EFA,245.76,248.16,244.77,247.18,6729848
2025-09-18,EEM,535.19,537.33,527.83,529.95,10991565
2025-09-18,TLT,64.86,65.28,64.6,65.02,9581303
2025-09-18,GLD,457.84,459.67,455.09,456.92,9729824
2025-09-18,DBC,177.03,177.73,171.74,172.43,14630121
2025-09-19,SPY,338.11,339.47,335.49,336.84,19700613
2025-09-19,QQQ,438.78,440.53,433.44,435.18,14232786
2025-09-19,IWM,337.91,342.53,336.55,341.17,3522306
2025-09-19,EFA,247.18,250.23,246.19,249.23,7975044
2025-09-19,EEM,529.95,532.07,517.18,519.26,19467907
2025-09-19,TLT,65.02,65.29,64.76,65.03,8382822
2025-09-19,GLD,456.92,458.75,451.45,453.26,16098167
2025-09-19,DBC,172.43,173.64,171.74,172.94,15341936
2025-09-22,SPY,336.84,339.4,335.49,338.05,4043873
2025-09-22,QQQ,435.18,439.38,433.44,437.63,6861794
2025-09-22,IWM,341.17,342.53,339.33,340.69,9023756
2025-09-22,EFA,249.23,250.96,248.23,249.96,13358276
2025-09-22,EEM,519.26,521.34,517.02,519.09,1673830
2025-09-22,TLT,65.03,66.55,64.77,66.28,14850654
2025-09-22,GLD,453.26,455.07,446.36,448.15,8046596
2025-09-22,DBC,172.94,175.61,172.25,174.91,13645518
2025-09-23,SPY,338.05,339.4,336.14,337.49,17715002
2025-09-23,QQQ,437.63,447.74,435.88,445.95,10311903
2025-09-23,IWM,340.69,342.05,337.1,338.46,17891158
2025-09-23,EFA,249.96,250.96,247.96,248.96,18757867
2025-09-23,EEM,519.09,521.17,509.25,511.3,8246520
2025-09-23,TLT,66.28,66.55,64.65,64.91,4107078
2025-09-23,GLD,448.15,449.94,445.82,447.61,14413623
2025-09-23,DBC,174.91,176.97,174.21,176.27,15960525
2025-09-24,SPY,337.49,338.84,333.99,335.33,1731839
2025-09-24,QQQ,445.95,449.52,444.17,447.72,5269701
2025-09-24,IWM,338.46,344.54,337.1,343.17,16880248
2025-09-24,EFA,248.96,250.58,247.96,249.58,17435778
2025-09-24,EEM,511.3,519.45,509.25,517.38,18712089
2025-09-24,TLT,64.91,65.18,64.65,64.92,16708554
2025-09-24,GLD,447.61,452.28,445.82,450.48,4658976
2025-09-24,DBC,176.27,176.97,175.41,176.11,8509495
2025-09-25,SPY,335.33,338.64,333.99,337.29,4653755
2025-09-25,QQQ,447.72,454.64,445.93,452.83,16345282
2025-09-25,IWM,343.17,349.19,341.8,347.8,1045836
2025-09-25,EFA,249.58,252.44,248.58,251.43,5216173
2025-09-25,EEM,517.38,521.14,515.31,519.06,11193241
2025-09-25,TLT,64.92,67.35,64.66,67.09,5293854
2025-09-25,GLD,450.48,452.28,445.09,446.88,15677732
2025-09-25,DBC,176.11,176.82,173.99,174.68,4762548
2025-09-26,SPY,337.29,340.61,335.94,339.26,7432443
2025-09-26,QQQ,452.83,457.16,451.02,455.33,14021869
2025-09-26,IWM,347.8,349.19,346.27,347.66,1038655
2025-09-26,EFA,251.43,256.28,250.43,255.26,1351034
2025-09-26,EEM,519.06,521.14,498.36,500.36,10348387
2025-09-26,TLT,67.09,67.35,66.07,66.34,11615180
2025-09-26,GLD,446.88,448.67,439.88,441.65,16948563
2025-09-26,DBC,174.68,175.38,171.29,171.98,18658949
2025-09-29,SPY,339.26,340.86,337.9,339.5,14818055
2025-09-29,QQQ,455.33,461.03,453.51,459.19,11314559
2025-09-29,IWM,347.66,351.13,346.27,349.73,15093394
2025-09-29,EFA,255.26,256.71,254.24,255.69,3720998
2025-09-29,EEM,500.36,502.36,498.2,500.2,13422455
2025-09-29,TLT,66.34,68.07,66.07,67.8,8609677
2025-09-29,GLD,441.65,443.41,433.69,435.43,15111546
2025-09-29,DBC,171.98,172.86,171.29,172.17,13157438
2025-09-30,SPY,339.5,340.86,337.42,338.77,10801625
2025-09-30,QQQ,459.19,461.03,454.12,455.94,17940907
2025-09-30,IWM,349.73,354.58,348.33,353.16,7724771
2025-09-30,EFA,255.69,257.72,254.66,256.69,11459444
2025-09-30,EEM,500.2,502.81,498.2,500.81,16606638
2025-09-30,TLT,67.8,68.07,66.9,67.17,8430387
2025-09-30,GLD,435.43,437.18,432.79,434.53,4657703
2025-09-30,DBC,172.17,176.5,171.48,175.79,17635103
2025-10-01,SPY,338.77,340.13,332.89,334.23,17275669
2025-10-01,QQQ,455.94,457.77,447.03,448.82,14993173
2025-10-01,IWM,353.16,355.68,351.75,354.26,5911800
2025-10-01,EFA,256.69,257.72,255.18,256.21,14202326
2025-10-01,EEM,500.81,504.22,498.8,502.21,5761745
2025-10-01,TLT,67.17,67.52,66.9,67.25,14938005
2025-10-01,GLD,434.53,437.44,432.79,435.7,14197686
2025-10-01,DBC,175.79,176.77,175.09,176.06,16087480
2025-10-02,SPY,334.23,340.27,332.89,338.92,4798548
2025-10-02,QQQ,448.82,450.62,440.65,442.42,3662919
2025-10-02,IWM,354.26,358.39,352.84,356.96,7224756
2025-10-02,EFA,256.21,257.23,254.28,255.31,18609284
2025-10-02,EEM,502.21,504.42,500.2,502.41,13704359
2025-10-02,TLT,67.25,67.52,66.75,67.02,13545452
2025-10-02,GLD,435.7,441.56,433.96,439.8,4656011
2025-10-02,DBC,176.06,176.77,175.25,175.96,1096325
2025-10-03,SPY,338.92,341.34,337.56,339.98,15099007
2025-10-03,QQQ,442.42,445.11,440.65,443.34,5150961
2025-10-03,IWM,356.96,358.39,351.03,352.44,13755035
2025-10-03,EFA,255.31,256.33,252.81,253.83,12966490
2025-10-03,EEM,502.41,505.23,500.4,503.22,15510591
2025-10-03,TLT,67.02,67.28,65.93,66.2,3944745
2025-10-03,GLD,439.8,445.73,438.04,443.95,13506219
2025-10-03,DBC,175.96,177.33,175.25,176.63,19170699
2025-10-06,SPY,339.98,343.0,338.62,341.64,13222163
2025-10-06,QQQ,443.34,445.11,439.89,441.66,16922730
2025-10-06,IWM,352.44,357.15,351.03,355.73,14581915
2025-10-06,EFA,253.83,255.21,252.81,254.19,2363970
2025-10-06,EEM,503.22,505.23,496.93,498.92,3080505
2025-10-06,TLT,66.2,67.24,65.93,66.98,9624024
2025-10-06,GLD,443.95,446.08,442.17,444.3,12377285
2025-10-06,DBC,176.63,178.0,175.92,177.29,13179396
2025-10-07,SPY,341.64,343.0,339.32,340.68,2462488
2025-10-07,QQQ,441.66,456.2,439.89,454.38,9797048
2025-10-07,IWM,355.73,357.28,354.31,355.86,10248619
2025-10-07,EFA,254.19,255.21,249.75,250.75,10979285
2025-10-07,EEM,498.92,510.82,496.93,508.79,3192181
2025-10-07,TLT,66.98,67.3,66.71,67.03,1813919
2025-10-07,GLD,444.3,446.82,442.52,445.04,16627772
2025-10-07,DBC,177.29,178.0,175.92,176.63,13969284
2025-10-08,SPY,340.68,343.64,339.32,342.28,17558234
2025-10-08,QQQ,454.38,456.2,441.5,443.27,5452917
2025-10-08,IWM,355.86,359.26,354.43,357.83,11177555
2025-10-08,EFA,250.75,251.75,249.07,250.07,6077296
2025-10-08,EEM,508.79,510.82,502.98,505.0,11722277
2025-10-08,TLT,67.03,67.3,66.23,66.5,16461251
2025-10-08,GLD,445.04,446.82,438.65,440.41,3651299
2025-10-08,DBC,176.63,179.73,175.92,179.02,18176003
2025-10-09,SPY,342.28,345.24,340.91,343.86,9298263
2025-10-09,QQQ,443.27,453.12,441.5,451.32,14682046
2025-10-09,IWM,357.83,360.24,356.4,358.8,19541999
2025-10-09,EFA,250.07,251.23,249.07,250.23,19274301
2025-10-09,EEM,505.0,507.02,495.9,497.89,4530644
2025-10-09,TLT,66.5,69.25,66.23,68.97,3421457
2025-10-09,GLD,440.41,442.17,438.36,440.12,4235404
2025-10-09,DBC,179.02,180.54,178.3,179.82,15128438
2025-10-10,SPY,343.86,345.24,338.09,339.44,15997593
2025-10-10,QQQ,451.32,453.13,449.51,451.32,6811354
2025-10-10,IWM,358.8,360.78,357.37,359.35,8883053
2025-10-10,EFA,250.23,253.43,249.23,252.42,19071228
2025-10-10,EEM,497.89,504.95,495.9,502.94,5065613
2025-10-10,TLT,68.97,69.25,67.5,67.78,10862433
2025-10-10,GLD,440.12,441.88,436.84,438.6,13514831
2025-10-10,DBC,179.82,182.83,179.11,182.1,9524721
2025-10-13,SPY,339.44,340.8,337.99,339.34,9302343
2025-10-13,QQQ,451.32,453.13,446.03,447.82,7232280
2025-10-13,IWM,359.35,361.07,357.91,359.63,7316626
2025-10-13,EFA,252.42,254.64,251.41,253.62,11950083
2025-10-13,EEM,502.94,509.23,500.93,507.2,9252686
2025-10-13,TLT,67.78,68.36,67.5,68.09,18022985
2025-10-13,GLD,438.6,440.35,431.14,432.87,4373644
2025-10-13,DBC,182.1,182.83,181.03,181.75,16566427
2025-10-14,SPY,339.34,342.06,337.99,340.69,16930394
2025-10-14,QQQ,447.82,449.62,445.83,447.62,8754884
2025-10-14,IWM,359.63,365.01,358.19,363.56,2354319
2025-10-14,EFA,253.62,254.64,248.45,249.45,10854180
2025-10-14,EEM,507.2,509.66,505.17,507.63,7514982
2025-10-14,TLT,68.09,68.69,67.82,68.42,3520494
2025-10-14,GLD,432.87,434.6,425.64,427.35,16069760
2025-10-14,DBC,181.75,185.15,181.03,184.41,9722414
2025-10-15,SPY,340.69,342.75,339.33,341.39,1212719
2025-10-15,QQQ,447.62,449.41,438.35,440.11,4549389
2025-10-15,IWM,363.56,365.01,359.18,360.62,12733972
2025-10-15,EFA,249.45,250.45,245.81,246.79,8302968
2025-10-15,EEM,507.63,515.07,505.6,513.02,2481982
2025-10-15,TLT,68.42,68.92,68.15,68.65,7844313
2025-10-15,GLD,427.35,430.01,425.64,428.29,7826373
2025-10-15,DBC,184.41,185.23,183.68,184.49,1381843
2025-10-16,SPY,341.39,344.02,340.02,342.65,13475848
2025-10-16,QQQ,440.11,441.87,433.63,435.37,7212438
2025-10-16,IWM,360.62,362.07,358.52,359.96,2055843
2025-10-16,EFA,246.79,247.78,245.14,246.13,17630423
2025-10-16,EEM,513.02,515.07,509.19,511.24,4402008
2025-10-16,TLT,68.65,68.92,68.28,68.55,14263956
2025-10-16,GLD,428.29,430.01,425.31,427.01,18917971
2025-10-16,DBC,184.49,185.23,182.94,183.67,4058573
2025-10-17,SPY,342.65,344.02,339.69,341.05,10098850
2025-10-17,QQQ,435.37,437.11,429.47,431.2,14750234
2025-10-17,IWM,359.96,366.24,358.52,364.78,15020564
2025-10-17,EFA,246.13,247.11,244.84,245.82,2723378
2025-10-17,EEM,511.24,513.28,506.57,508.6,12985029
2025-10-17,TLT,68.55,70.05,68.28,69.77,14894220
2025-10-17,GLD,427.01,428.72,418.62,420.3,13206477
2025-10-17,DBC,183.67,186.3,182.94,185.56,7616987
2025-10-20,SPY,341.05,342.42,337.51,338.87,1197185
2025-10-20,QQQ,431.2,436.07,429.47,434.33,15568134
2025-10-20,IWM,364.78,369.17,363.32,367.7,4036274
2025-10-20,EFA,245.82,246.8,243.47,244.45,14630403
2025-10-20,EEM,508.6,510.64,501.96,503.98,6454091
2025-10-20,TLT,69.77,70.05,69.05,69.33,5361240
2025-10-20,GLD,420.3,426.66,418.62,424.96,14311685
2025-10-20,DBC,185.56,186.59,184.81,185.85,3987388
2025-10-21,SPY,338.87,340.23,331.85,333.18,17926971
2025-10-21,QQQ,434.33,436.07,427.54,429.25,6760814
2025-10-21,IWM,367.7,370.98,366.23,369.5,18487190
2025-10-21,EFA,244.45,246.75,243.47,245.76,6764158
2025-10-21,EEM,503.98,508.71,501.96,506.68,17458772
2025-10-21,TLT,69.33,69.61,68.85,69.12,7621688
2025-10-21,GLD,424.96,426.66,420.83,422.52,2459528
2025-10-21,DBC,185.85,190.0,185.1,189.24,17197948
2025-10-22,SPY,333.18,334.52,330.41,331.73,14015602
2025-10-22,QQQ,429.25,437.16,427.54,435.42,3895560
2025-10-22,IWM,369.5,374.88,368.02,373.39,6377975
2025-10-22,EFA,245.76,246.75,243.04,244.01,8451603
2025-10-22,EEM,506.68,508.71,499.16,501.16,7580458
2025-10-22,TLT,69.12,69.4,67.91,68.18,16869743
2025-10-22,GLD,422.52,425.17,420.83,423.48,14413235
2025-10-22,DBC,189.24,191.27,188.48,190.51,18377589
2025-10-23,SPY,331.73,334.55,330.41,333.22,6015285
2025-10-23,QQQ,435.42,441.04,433.68,439.29,9289920
2025-10-23,IWM,373.39,380.97,371.89,379.45,7462439
2025-10-23,EFA,244.01,244.99,242.25,243.23,2379054
2025-10-23,EEM,501.16,511.69,499.16,509.65,2279386
2025-10-23,TLT,68.18,68.45,66.66,66.93,11878440
2025-10-23,GLD,423.48,428.88,421.78,427.17,19456676
2025-10-23,DBC,190.51,193.06,189.74,192.29,11274841
2025-10-24,SPY,333.22,334.55,330.52,331.85,9363739
2025-10-24,QQQ,439.29,441.04,434.01,435.75,15285458
2025-10-24,IWM,379.45,380.97,375.81,377.32,17897287
2025-10-24,EFA,243.23,245.44,242.25,244.46,15708672
2025-10-24,EEM,509.65,512.13,507.61,510.09,17424948
2025-10-24,TLT,66.93,67.28,66.66,67.01,16611975
2025-10-24,GLD,427.17,429.35,425.46,427.64,16377628
2025-10-24,DBC,192.29,196.37,191.52,195.58,7025336
2025-10-27,SPY,331.85,334.26,330.52,332.93,3252195
2025-10-27,QQQ,435.75,437.49,429.29,431.01,5310264
2025-10-27,IWM,377.32,378.82,374.12,375.62,15829956
2025-10-27,EFA,244.46,246.96,243.49,245.98,17922911
2025-10-27,EEM,510.09,512.13,506.62,508.65,5371168
2025-10-27,TLT,67.01,67.28,66.74,67.01,3759550
2025-10-27,GLD,427.64,432.18,425.93,430.46,18162479
2025-10-27,DBC,195.58,196.37,194.1,194.88,3683279
2025-10-28,SPY,332.93,337.41,331.59,336.06,13678965
2025-10-28,QQQ,431.01,434.64,429.29,432.9,5569634
2025-10-28,IWM,375.62,378.55,374.12,377.04,4677164
2025-10-28,EFA,245.98,247.02,244.99,246.04,7499738
2025-10-28,EEM,508.65,519.2,506.62,517.13,10659703
2025-10-28,TLT,67.01,68.81,66.74,68.54,6540223
2025-10-28,GLD,430.46,432.18,426.21,427.92,8419783
2025-10-28,DBC,194.88,195.66,191.41,192.18,3198359
2025-10-29,SPY,336.06,339.37,334.72,338.02,9463124
2025-10-29,QQQ,432.9,434.64,425.26,426.97,6327351
2025-10-29,IWM,377.04,378.55,373.79,375.29,16314338
2025-10-29,EFA,246.04,249.62,245.05,248.63,5817486
2025-10-29,EEM,517.13,519.2,514.9,516.97,17109737
2025-10-29,TLT,68.54,71.47,68.26,71.19,7990171
2025-10-29,GLD,427.92,429.63,421.66,423.36,8965794
2025-10-29,DBC,192.18,192.95,190.08,190.84,11706464
2025-10-30,SPY,338.02,339.37,335.41,336.76,14538054
2025-10-30,QQQ,426.97,430.97,425.26,429.25,6409959
2025-10-30,IWM,375.29,376.8,372.35,373.84,11999959
2025-10-30,EFA,248.63,249.62,246.25,247.23,13644680
2025-10-30,EEM,516.97,524.37,514.9,522.28,4861400
2025-10-30,TLT,71.19,73.1,70.9,72.81,18808049
2025-10-30,GLD,423.36,432.18,421.66,430.46,16201452
2025-10-30,DBC,190.84,192.8,190.08,192.03,19628753
2025-10-31,SPY,336.76,338.11,331.26,332.6,4510088
2025-10-31,QQQ,429.25,430.97,426.46,428.17,9456776
2025-10-31,IWM,373.84,380.13,372.35,378.62,14229049
2025-10-31,EFA,247.23,248.22,246.04,247.03,13464338
2025-10-31,EEM,522.28,524.37,518.76,520.84,5905505
2025-10-31,TLT,72.81,76.43,72.52,76.13,13088030
2025-10-31,GLD,430.46,432.18,427.84,429.55,8719106
2025-10-31,DBC,192.03,193.56,191.27,192.79,6930949
2025-11-03,SPY,332.6,333.93,326.16,327.47,10944976
2025-11-03,QQQ,428.17,429.89,418.31,419.99,18317669
2025-11-03,IWM,378.62,380.27,377.1,378.75,11490753
2025-11-03,EFA,247.03,251.06,246.04,250.06,1060094
2025-11-03,EEM,520.84,523.09,518.76,521.0,10763387
2025-11-03,TLT,76.13,76.43,75.06,75.36,15503328
2025-11-03,GLD,429.55,431.27,424.54,426.24,2603108
2025-11-03,DBC,192.79,194.54,192.02,193.76,5429966
2025-11-04,SPY,327.47,328.78,322.5,323.8,2529535
2025-11-04,QQQ,419.99,422.08,418.31,420.4,1747912
2025-11-04,IWM,378.75,384.51,377.24,382.97,11191782
2025-11-04,EFA,250.06,251.94,249.06,250.93,4568938
2025-11-04,EEM,521.0,523.09,511.97,514.03,14865981
2025-11-04,TLT,75.36,75.66,74.88,75.18,11105084
2025-11-04,GLD,426.24,427.95,422.23,423.92,16935060
2025-11-04,DBC,193.76,194.54,192.39,193.16,6322519
2025-11-05,SPY,323.8,329.36,322.5,328.05,9173465
2025-11-05,QQQ,420.4,430.62,418.72,428.9,6010115
2025-11-05,IWM,382.97,384.51,380.56,382.09,5855045
2025-11-05,EFA,250.93,252.11,249.93,251.1,10051648
2025-11-05,EEM,514.03,516.08,508.49,510.53,1385743
2025-11-05,TLT,75.18,75.99,74.88,75.69,2883429
2025-11-05,GLD,423.92,425.62,419.12,420.8,12755214
2025-11-05,DBC,193.16,193.93,190.56,191.33,15889921
2025-11-06,SPY,328.05,329.36,324.16,325.46,17537357
2025-11-06,QQQ,428.9,430.62,423.6,425.3,9338176
2025-11-06,IWM,382.09,383.91,380.56,382.38,3064554
2025-11-06,EFA,251.1,252.11,250.08,251.08,18835100
2025-11-06,EEM,510.53,516.52,508.49,514.46,6342423
2025-11-06,TLT,75.69,76.12,75.39,75.82,2958880
2025-11-06,GLD,420.8,423.88,419.12,422.19,19485906
2025-11-06,DBC,191.33,192.09,190.18,190.94,7618885
2025-11-07,SPY,325.46,327.93,324.16,326.63,18010359
2025-11-07,QQQ,425.3,429.49,423.6,427.78,14933293
2025-11-07,IWM,382.38,384.95,380.85,383.41,11381153
2025-11-07,EFA,251.08,252.09,248.77,249.77,3139671
2025-11-07,EEM,514.46,516.52,512.06,514.12,17036510
2025-11-07,TLT,75.82,76.47,75.51,76.16,19065919
2025-11-07,GLD,422.19,431.15,420.5,429.43,16611721
2025-11-07,DBC,190.94,191.93,190.18,191.17,3700412
2025-11-10,SPY,326.63,327.93,325.21,326.51,8581570
2025-11-10,QQQ,427.78,429.49,420.68,422.37,4532667
2025-11-10,IWM,383.41,384.95,381.79,383.32,5136138
2025-11-10,EFA,249.77,253.85,248.77,252.84,12258050
2025-11-10,EEM,514.12,526.91,512.06,524.81,9834832
2025-11-10,TLT,76.16,76.47,74.3,74.59,2762711
2025-11-10,GLD,429.43,431.15,427.1,428.81,15631501
2025-11-10,DBC,191.17,194.4,190.4,193.63,18557176
2025-11-11,SPY,326.51,330.11,325.21,328.79,8281161
2025-11-11,QQQ,422.37,424.06,419.9,421.59,3866256
2025-11-11,IWM,383.32,385.52,381.79,383.99,9736522
2025-11-11,EFA,252.84,253.85,251.49,252.5,8922513
2025-11-11,EEM,524.81,529.36,522.71,527.25,6341406
2025-11-11,TLT,74.59,74.89,73.7,73.99,11967984
2025-11-11,GLD,428.81,431.77,427.1,430.05,9025138
2025-11-11,DBC,193.63,196.25,192.85,195.47,13732193
2025-11-12,SPY,328.79,333.4,327.48,332.07,18997118
2025-11-12,QQQ,421.59,423.28,416.12,417.8,16753569
2025-11-12,IWM,383.99,385.52,378.75,380.27,1214134
2025-11-12,EFA,252.5,253.91,251.49,252.9,1889755
2025-11-12,EEM,527.25,529.36,516.58,518.66,11326404
2025-11-12,TLT,73.99,74.98,73.7,74.68,8112402
2025-11-12,GLD,430.05,431.77,424.24,425.95,19965118
2025-11-12,DBC,195.47,197.95,194.69,197.16,6756130
2025-11-13,SPY,332.07,333.83,330.74,332.5,4579532
2025-11-13,QQQ,417.8,420.29,416.12,418.61,6429484
2025-11-13,IWM,380.27,381.79,377.99,379.5,1964107
2025-11-13,EFA,252.9,254.86,251.89,253.84,2035820
2025-11-13,EEM,518.66,529.85,516.58,527.74,2430973
2025-11-13,TLT,74.68,75.43,74.38,75.13,3275919
2025-11-13,GLD,425.95,427.65,424.0,425.7,13193885
2025-11-13,DBC,197.16,197.95,195.74,196.53,7687807
2025-11-14,SPY,332.5,335.99,331.17,334.65,3212861
2025-11-14,QQQ,418.61,420.29,408.89,410.53,13879622
2025-11-14,IWM,379.5,383.0,377.99,381.48,4757080
2025-11-14,EFA,253.84,255.73,252.83,254.71,2136174
2025-11-14,EEM,527.74,541.67,525.63,539.51,3934996
2025-11-14,TLT,75.13,75.9,74.83,75.6,10642372
2025-11-14,GLD,425.7,427.4,421.86,423.55,7878438
2025-11-14,DBC,196.53,197.54,195.74,196.76,10880417
2025-11-17,SPY,334.65,335.99,332.13,333.47,1701907
2025-11-17,QQQ,410.53,416.63,408.89,414.97,12774277
2025-11-17,IWM,381.48,383.14,379.95,381.61,13348846
2025-11-17,EFA,254.71,257.48,253.69,256.45,11765207
2025-11-17,EEM,539.51,542.93,537.35,540.76,16974687
2025-11-17,TLT,75.6,75.9,73.84,74.14,10651890
2025-11-17,GLD,423.55,425.25,421.03,422.72,14855327
2025-11-17,DBC,196.76,197.54,195.73,196.51,2048519
2025-11-18,SPY,333.47,334.8,327.83,329.14,12636061
2025-11-18,QQQ,414.97,419.78,413.31,418.1,16735071
2025-11-18,IWM,381.61,383.14,379.19,380.71,8267026
2025-11-18,EFA,256.45,257.48,252.71,253.73,4049746
2025-11-18,EEM,540.76,542.93,534.36,536.5,15631661
2025-11-18,TLT,74.14,74.44,73.46,73.75,1043589
2025-11-18,GLD,422.72,424.41,417.83,419.5,2810748
2025-11-18,DBC,196.51,197.3,195.57,196.36,1146353
2025-11-19,SPY,329.14,330.46,327.16,328.48,7191436
2025-11-19,QQQ,418.1,421.48,416.43,419.8,17595406
2025-11-19,IWM,380.71,382.24,372.68,374.18,18285239
2025-11-19,EFA,253.73,254.74,249.62,250.62,9743448
2025-11-19,EEM,536.5,538.65,531.45,533.58,8204617
2025-11-19,TLT,73.75,74.05,73.17,73.47,8768775
2025-11-19,GLD,419.5,421.18,415.89,417.56,3713969
2025-11-19,DBC,196.36,197.24,195.57,196.45,17451459
2025-11-20,SPY,328.48,330.83,327.16,329.51,4508381
2025-11-20,QQQ,419.8,421.48,410.91,412.56,11960361
2025-11-20,IWM,374.18,375.68,370.94,372.43,14240560
2025-11-20,EFA,250.62,253.31,249.62,252.3,3891482
2025-11-20,EEM,533.58,535.72,524.04,526.15,13480570
2025-11-20,TLT,73.47,74.51,73.17,74.21,7916131
2025-11-20,GLD,417.56,419.23,414.47,416.13,19285050
2025-11-20,DBC,196.45,199.25,195.66,198.46,17817151
2025-11-21,SPY,329.51,334.6,328.19,333.27,8837495
2025-11-21,QQQ,412.56,426.2,410.91,424.5,16465506
2025-11-21,IWM,372.43,377.17,370.94,375.67,2136962
2025-11-21,EFA,252.3,255.37,251.29,254.35,12693231
2025-11-21,EEM,526.15,528.25,517.99,520.07,16109781
2025-11-21,TLT,74.21,74.51,73.29,73.58,19580296
2025-11-21,GLD,416.13,417.8,414.23,415.89,15723618
2025-11-21,DBC,198.46,199.25,196.57,197.36,9630632
2025-11-24,SPY,333.27,334.6,330.72,332.05,16502750
2025-11-24,QQQ,424.5,426.2,421.53,423.23,8983955
2025-11-24,IWM,375.67,377.17,371.89,373.38,6187325
2025-11-24,EFA,254.35,255.37,253.18,254.19,6234012
2025-11-24,EEM,520.07,531.9,517.99,529.78,18521411
2025-11-24,TLT,73.58,73.88,73.03,73.32,12698151
2025-11-24,GLD,415.89,419.21,414.23,417.54,7350961
2025-11-24,DBC,197.36,199.71,196.57,198.91,9680134
2025-11-25,SPY,332.05,337.86,330.72,336.52,4416061
2025-11-25,QQQ,423.23,424.92,420.26,421.94,6523110
2025-11-25,IWM,373.38,376.57,371.89,375.07,13892716
2025-11-25,EFA,254.19,255.21,252.86,253.88,6065380
2025-11-25,EEM,529.78,542.99,527.66,540.83,10979235
2025-11-25,TLT,73.32,73.62,72.85,73.14,15593594
2025-11-25,GLD,417.54,419.21,415.47,417.14,4585952
2025-11-25,DBC,198.91,200.72,198.11,199.92,10422232
2025-11-26,SPY,336.52,338.65,335.17,337.3,2138555
2025-11-26,QQQ,421.94,428.23,420.26,426.52,1423366
2025-11-26,IWM,375.07,376.57,369.27,370.76,8464256
2025-11-26,EFA,253.88,257.17,252.86,256.14,17793542
2025-11-26,EEM,540.83,548.42,538.67,546.23,1742133
2025-11-26,TLT,73.14,73.44,72.76,73.05,5758438
2025-11-26,GLD,417.14,418.81,415.07,416.73,1185141
2025-11-26,DBC,199.92,204.04,199.12,203.23,9129710
2025-11-27,SPY,337.3,341.2,335.96,339.84,15131610
2025-11-27,QQQ,426.52,428.23,421.93,423.63,8669355
2025-11-27,IWM,370.76,372.24,367.25,368.72,8670749
2025-11-27,EFA,256.14,257.17,252.25,253.26,7090295
2025-11-27,EEM,546.23,548.42,540.01,542.18,11503016
2025-11-27,TLT,73.05,73.34,71.87,72.16,9717712
2025-11-27,GLD,416.73,418.4,413.77,415.43,15078782
2025-11-27,DBC,203.23,204.04,201.85,202.66,9133464
2025-11-28,SPY,339.84,342.15,338.48,340.78,6249872
2025-11-28,QQQ,423.63,425.32,414.44,416.11,9390654
2025-11-28,IWM,368.72,372.57,367.25,371.09,1659589
2025-11-28,EFA,253.26,254.27,250.13,251.14,14735327
2025-11-28,EEM,542.18,544.35,531.34,533.47,7142543
2025-11-28,TLT,72.16,72.45,71.71,71.99,12007651
2025-11-28,GLD,415.43,417.62,413.77,415.95,17436308
2025-11-28,DBC,202.66,203.47,200.01,200.82,4569521
2025-12-01,SPY,340.78,345.66,339.42,344.28,6396982
2025-12-01,QQQ,416.11,419.13,414.44,417.46,7704562
2025-12-01,IWM,371.09,372.57,368.39,369.87,16327150
2025-12-01,EFA,251.14,252.14,249.94,250.94,19154132
2025-12-01,EEM,533.47,537.79,531.34,535.65,1540442
2025-12-01,TLT,71.99,73.46,71.71,73.17,13412250
2025-12-01,GLD,415.95,417.62,410.39,412.04,16331341
2025-12-01,DBC,200.82,201.62,199.82,200.63,8049430
2025-12-02,SPY,344.28,347.53,342.9,346.14,18240001
2025-12-02,QQQ,417.46,419.13,415.54,417.21,5106882
2025-12-02,IWM,369.87,371.35,368.06,369.54,2899795
2025-12-02,EFA,250.94,251.95,246.9,247.9,9471075
2025-12-02,EEM,535.65,537.79,532.81,534.95,1446553
2025-12-02,TLT,73.17,74.55,72.87,74.25,3522788
2025-12-02,GLD,412.04,413.69,406.92,408.55,12815354
2025-12-02,DBC,200.63,202.52,199.82,201.72,9897208
2025-12-03,SPY,346.14,349.47,344.76,348.08,14437801
2025-12-03,QQQ,417.21,421.41,415.54,419.73,18685750
2025-12-03,IWM,369.54,381.43,368.06,379.91,14152087
2025-12-03,EFA,247.9,248.89,245.61,246.59,16506058
2025-12-03,EEM,534.95,538.1,532.81,535.96,3311731
2025-12-03,TLT,74.25,75.12,73.96,74.83,7481777
2025-12-03,GLD,408.55,410.19,402.21,403.82,8582858
2025-12-03,DBC,201.72,203.1,200.91,202.29,5907787
2025-12-04,SPY,348.08,349.47,344.26,345.64,14867593
2025-12-04,QQQ,419.73,426.88,418.05,425.18,16706859
2025-12-04,IWM,379.91,387.23,378.39,385.69,5199876
2025-12-04,EFA,246.59,247.58,245.45,246.43,16750504
2025-12-04,EEM,535.96,538.1,526.85,528.96,9973276
2025-12-04,TLT,74.83,76.85,74.53,76.55,13621449
2025-12-04,GLD,403.82,405.44,398.15,399.75,7237424
2025-12-04,DBC,202.29,203.1,196.43,197.22,17158773
2025-12-05,SPY,345.64,351.7,344.26,350.3,10435898
2025-12-05,QQQ,425.18,426.94,423.48,425.24,13011729
2025-12-05,IWM,385.69,387.57,384.15,386.02,17091029
2025-12-05,EFA,246.43,249.19,245.45,248.19,17271188
2025-12-05,EEM,528.96,531.08,519.44,521.53,13161186
2025-12-05,TLT,76.55,77.56,76.24,77.26,6125545
2025-12-05,GLD,399.75,407.66,398.15,406.04,2914712
2025-12-05,DBC,197.22,198.01,194.88,195.67,3861519
2025-12-08,SPY,350.3,354.74,348.9,353.33,5711099
2025-12-08,QQQ,425.24,426.94,414.26,415.92,18805586
2025-12-08,IWM,386.02,390.12,384.48,388.57,1502841
2025-12-08,EFA,248.19,249.19,244.48,245.46,1385173
2025-12-08,EEM,521.53,524.43,519.44,522.34,10831193
2025-12-08,TLT,77.26,78.0,76.95,77.69,9389499
2025-12-08,GLD,406.04,407.66,400.59,402.2,8839705
2025-12-08,DBC,195.67,196.45,193.39,194.17,7229832
2025-12-09,SPY,353.33,355.23,351.91,353.81,6122819
2025-12-09,QQQ,415.92,417.59,409.89,411.54,7997471
2025-12-09,IWM,388.57,395.28,387.01,393.7,6634217
2025-12-09,EFA,245.46,246.44,242.28,243.25,4033515
2025-12-09,EEM,522.34,524.43,514.37,516.43,10967134
2025-12-09,TLT,77.69,78.0,75.34,75.64,7622655
2025-12-09,GLD,402.2,403.81,397.99,399.58,3637882
2025-12-09,DBC,194.17,195.07,193.39,194.3,15716509
2025-12-10,SPY,353.81,355.23,351.75,353.16,4973602
2025-12-10,QQQ,411.54,413.19,407.77,409.41,9874956
2025-12-10,IWM,393.7,395.28,386.93,388.48,16879359
2025-12-10,EFA,243.25,246.11,242.28,245.13,17544909
2025-12-10,EEM,516.43,518.5,508.32,510.36,5845959
2025-12-10,TLT,75.64,75.94,74.91,75.21,17487716
2025-12-10,GLD,399.58,401.18,397.91,399.51,1221686
2025-12-10,DBC,194.3,196.3,193.52,195.52,6380701
2025-12-11,SPY,353.16,356.41,351.75,354.99,19876682
2025-12-11,QQQ,409.41,411.05,403.31,404.93,17696903
2025-12-11,IWM,388.48,390.03,383.96,385.51,13581498
2025-12-11,EFA,245.13,246.11,240.58,241.55,15287951
2025-12-11,EEM,510.36,512.4,495.85,497.84,3529881
2025-12-11,TLT,75.21,76.9,74.91,76.6,7057211
2025-12-11,GLD,399.51,401.11,394.49,396.07,1957291
2025-12-11,DBC,195.52,196.3,192.77,193.55,1689871
2025-12-12,SPY,354.99,356.41,350.19,351.6,12088256
2025-12-12,QQQ,404.93,406.55,398.81,400.42,4153302
2025-12-12,IWM,385.51,387.05,380.45,381.98,5848258
2025-12-12,EFA,241.55,242.52,240.36,241.32,2137394
2025-12-12,EEM,497.84,501.41,495.85,499.41,5258110
2025-12-12,TLT,76.6,78.06,76.29,77.75,12361750
2025-12-12,GLD,396.07,401.9,394.49,400.3,12452510
2025-12-12,DBC,193.55,195.97,192.77,195.19,16922702
2025-12-15,SPY,351.6,353.71,350.19,352.3,8070767
2025-12-15,QQQ,400.42,402.02,393.07,394.65,10534527
2025-12-15,IWM,381.98,383.51,377.57,379.09,19590081
2025-12-15,EFA,241.32,243.1,240.36,242.13,2768999
2025-12-15,EEM,499.41,503.85,497.42,501.85,17566839
2025-12-15,TLT,77.75,78.06,76.62,76.93,14546920
2025-12-15,GLD,400.3,401.9,393.43,395.01,17992769
2025-12-15,DBC,195.19,200.89,194.41,200.09,12569910
2025-12-16,SPY,352.3,358.01,350.89,356.58,4957014
2025-12-16,QQQ,394.65,396.23,391.98,393.56,12103036
2025-12-16,IWM,379.09,382.68,377.57,381.16,5280562
2025-12-16,EFA,242.13,246.18,241.16,245.2,3938570
2025-12-16,EEM,501.85,504.43,499.84,502.42,19599022
2025-12-16,TLT,76.93,77.24,76.33,76.63,14624077
2025-12-16,GLD,395.01,396.59,392.22,393.8,11079966
2025-12-16,DBC,200.09,200.89,199.2,200.0,4640673
2025-12-17,SPY,356.58,359.98,355.15,358.55,16940137
2025-12-17,QQQ,393.56,395.18,391.98,393.61,3018257
2025-12-17,IWM,381.16,384.68,379.63,383.14,13617949
2025-12-17,EFA,245.2,246.18,239.66,240.62,5934234
2025-12-17,EEM,502.42,504.43,494.52,496.51,3785125
2025-12-17,TLT,76.63,76.94,75.12,75.42,8130363
2025-12-17,GLD,393.8,400.16,392.22,398.57,6835261
2025-12-17,DBC,200.0,201.56,199.2,200.76,4401131
2025-12-18,SPY,358.55,359.98,354.08,355.5,15145589
2025-12-18,QQQ,393.61,395.18,384.28,385.83,4375768
2025-12-18,IWM,383.14,389.07,381.61,387.52,13377200
2025-12-18,EFA,240.62,241.58,238.03,238.98,5653859
2025-12-18,EEM,496.51,500.39,494.52,498.39,9657134
2025-12-18,TLT,75.42,75.72,73.77,74.07,11134793
2025-12-18,GLD,398.57,400.42,396.98,398.82,1684243
2025-12-18,DBC,200.76,202.13,199.96,201.32,15451057
2025-12-19,SPY,355.5,356.92,350.61,352.02,2832670
2025-12-19,QQQ,385.83,387.37,381.89,383.42,17702224
2025-12-19,IWM,387.52,389.07,385.37,386.91,4987841
2025-12-19,EFA,238.98,239.94,237.72,238.67,15128814
2025-12-19,EEM,498.39,500.39,485.47,487.42,15981104
2025-12-19,TLT,74.07,74.36,72.69,72.98,3255490
2025-12-19,GLD,398.82,403.86,397.23,402.25,6210868
2025-12-19,DBC,201.32,202.38,200.52,201.58,16953401
2025-12-22,SPY,352.02,353.93,350.61,352.52,3782492
2025-12-22,QQQ,383.42,384.95,376.38,377.89,16844151
2025-12-22,IWM,386.91,389.16,385.37,387.61,1521102
2025-12-22,EFA,238.67,240.73,237.72,239.77,15327735
2025-12-22,EEM,487.42,498.13,485.47,496.15,5082596
2025-12-22,TLT,72.98,73.34,72.69,73.04,3957463
2025-12-22,GLD,402.25,404.1,400.64,402.49,16848824
2025-12-22,DBC,201.58,203.46,200.77,202.65,1596499
2025-12-23,SPY,352.52,353.93,350.55,351.96,16125555
2025-12-23,QQQ,377.89,384.96,376.38,383.43,7288447
2025-12-23,IWM,387.61,392.23,386.06,390.67,5858666
2025-12-23,EFA,239.77,240.73,237.81,238.77,3828290
2025-12-23,EEM,496.15,498.13,492.47,494.44,17713354
2025-12-23,TLT,73.04,74.68,72.75,74.38,16454490
2025-12-23,GLD,402.49,404.1,397.11,398.7,2767005
2025-12-23,DBC,202.65,203.46,198.32,199.11,2072692
2025-12-24,SPY,351.96,353.91,350.55,352.5,3673636
2025-12-24,QQQ,383.43,384.96,381.88,383.42,14050952
2025-12-24,IWM,390.67,392.23,387.35,388.9,6569936
2025-12-24,EFA,238.77,242.81,237.81,241.85,17318475
2025-12-24,EEM,494.44,496.42,488.91,490.88,15721126
2025-12-24,TLT,74.38,74.68,73.51,73.8,16763940
2025-12-24,GLD,398.7,400.3,396.1,397.69,4915983
2025-12-24,DBC,199.11,199.91,197.43,198.22,13189170
2025-12-25,SPY,352.5,355.64,351.09,354.22,15024569
2025-12-25,QQQ,383.42,384.95,381.08,382.61,17004197
2025-12-25,IWM,388.9,390.46,383.23,384.77,10126159
2025-12-25,EFA,241.85,245.2,240.88,244.23,12203339
2025-12-25,EEM,490.88,492.84,488.62,490.58,12141414
2025-12-25,TLT,73.8,74.48,73.51,74.18,1520113
2025-12-25,GLD,397.69,401.55,396.1,399.95,11354821
2025-12-25,DBC,198.22,199.01,195.24,196.02,15380149
2025-12-26,SPY,354.22,357.88,352.81,356.46,13997535
2025-12-26,QQQ,382.61,384.14,380.53,382.06,13623173
2025-12-26,IWM,384.77,386.31,377.91,379.43,16142090
2025-12-26,EFA,244.23,245.2,240.5,241.47,10506282
2025-12-26,EEM,490.58,492.54,487.0,488.95,9993359
2025-12-26,TLT,74.18,74.48,73.02,73.32,15176748
2025-12-26,GLD,399.95,405.92,398.35,404.3,2419237
2025-12-26,DBC,196.02,200.54,195.24,199.74,10681173
2025-12-29,SPY,356.46,360.65,355.03,359.21,5932468
2025-12-29,QQQ,382.06,383.59,373.62,375.12,10188836
2025-12-29,IWM,379.43,387.0,377.91,385.45,19382731
2025-12-29,EFA,241.47,242.43,239.86,240.82,17776408
2025-12-29,EEM,488.95,490.91,485.88,487.83,19578228
2025-12-29,TLT,73.32,74.0,73.02,73.7,17265929
2025-12-29,GLD,404.3,406.51,402.68,404.89,8852818
2025-12-29,DBC,199.74,200.54,197.78,198.58,11384103
2025-12-30,SPY,359.21,360.65,354.34,355.76,16613646
2025-12-30,QQQ,375.12,376.62,369.57,371.06,7931879
2025-12-30,IWM,385.45,391.2,383.91,389.64,1314392
2025-12-30,EFA,240.82,241.78,238.54,239.5,13917586
2025-12-30,EEM,487.83,489.79,483.81,485.76,12915350
2025-12-30,TLT,73.7,74.13,73.41,73.83,3101555
2025-12-30,GLD,404.89,406.9,403.27,405.28,9708768
2025-12-30,DBC,198.58,202.03,197.78,201.22,18510666
2025-12-31,SPY,355.76,357.18,352.87,354.29,7773620
2025-12-31,QQQ,371.06,377.09,369.57,375.59,7346868
2025-12-31,IWM,389.64,391.79,388.08,390.23,10723953
2025-12-31,EFA,239.5,241.29,238.54,240.33,13174412
2025-12-31,EEM,485.76,487.7,479.46,481.39,18354934
2025-12-31,TLT,73.83,74.13,73.08,73.37,5999913
2025-12-31,GLD,405.28,406.97,403.66,405.35,17551348
2025-12-31,DBC,201.22,206.63,200.42,205.81,13550713
2026-01-01,SPY,354.29,357.66,352.87,356.23,16550259
2026-01-01,QQQ,375.59,377.09,370.96,372.45,3742720
2026-01-01,IWM,390.23,394.57,388.67,393.0,12573650
2026-01-01,EFA,240.33,243.59,239.37,242.62,10413631
2026-01-01,EEM,481.39,483.32,478.58,480.5,2126726
2026-01-01,TLT,73.37,73.66,73.06,73.36,7866705
2026-01-01,GLD,405.35,414.23,403.73,412.58,17318041
2026-01-01,DBC,205.81,206.63,204.83,205.65,8166659
2026-01-02,SPY,356.23,357.66,354.47,355.9,15292509
2026-01-02,QQQ,372.45,381.39,370.96,379.87,4258395
2026-01-02,IWM,393.0,400.31,391.43,398.71,5392403
2026-01-02,EFA,242.62,243.59,240.4,241.36,9522675
2026-01-02,EEM,480.5,485.43,478.58,483.5,7064473
2026-01-02,TLT,73.36,73.65,72.27,72.56,13690354
2026-01-02,GLD,412.58,415.15,410.93,413.49,19702577
2026-01-02,DBC,205.65,206.89,204.83,206.06,13402835
2026-01-05,SPY,355.9,359.63,354.47,358.2,3153719
2026-01-05,QQQ,379.87,381.39,374.82,376.32,14334419
2026-01-05,IWM,398.71,405.33,397.12,403.72,4018460
2026-01-05,EFA,241.36,242.33,238.79,239.75,9629988
2026-01-05,EEM,483.5,485.43,480.11,482.04,4012625
2026-01-05,TLT,72.56,73.57,72.27,73.28,17995353
2026-01-05,GLD,413.49,415.15,408.57,410.21,6359596
2026-01-05,DBC,206.06,208.35,205.24,207.52,13445711
2026-01-06,SPY,358.2,368.82,356.76,367.35,8439751
2026-01-06,QQQ,376.32,377.83,371.93,373.42,6775522
2026-01-06,IWM,403.72,408.19,402.1,406.56,12811526
2026-01-06,EFA,239.75,241.03,238.79,240.07,2988998
2026-01-06,EEM,482.04,494.09,480.11,492.12,2578476
2026-01-06,TLT,73.28,73.57,71.69,71.98,9653796
2026-01-06,GLD,410.21,413.04,408.57,411.4,17221051
2026-01-06,DBC,207.52,208.35,203.7,204.52,2871257
2026-01-07,SPY,367.35,371.02,365.88,369.54,1193861
2026-01-07,QQQ,373.42,377.09,371.93,375.59,7675710
2026-01-07,IWM,406.56,408.19,403.9,405.53,15806904
2026-01-07,EFA,240.07,241.03,237.47,238.43,4537306
2026-01-07,EEM,492.12,494.09,485.11,487.05,14087842
2026-01-07,TLT,71.98,72.46,71.69,72.17,5165566
2026-01-07,GLD,411.4,413.04,407.09,408.72,15810417
2026-01-07,DBC,204.52,206.81,203.7,205.99,9001304
2026-01-08,SPY,369.54,373.49,368.07,372.0,1423257
2026-01-08,QQQ,375.59,377.09,365.24,366.71,16700058
2026-01-08,IWM,405.53,407.15,403.7,405.32,2208381
2026-01-08,EFA,238.43,239.38,236.07,237.02,6266575
2026-01-08,EEM,487.05,492.77,485.11,490.81,13519005
2026-01-08,TLT,72.17,72.46,71.57,71.86,5689660
2026-01-08,GLD,408.72,411.88,407.09,410.24,13921111
2026-01-08,DBC,205.99,206.81,200.33,201.14,1729343
2026-01-09,SPY,372.0,373.49,368.23,369.71,12401093
2026-01-09,QQQ,366.71,368.17,361.88,363.33,11823504
2026-01-09,IWM,405.32,408.96,403.7,407.34,13281998
2026-01-09,EFA,237.02,237.97,233.91,234.85,5790495
2026-01-09,EEM,490.81,492.77,484.61,486.56,7047839
2026-01-09,TLT,71.86,73.68,71.57,73.38,16145721
2026-01-09,GLD,410.24,411.88,406.54,408.17,6012763
2026-01-09,DBC,201.14,201.94,200.06,200.86,9938792
2026-01-12,SPY,369.71,371.19,366.27,367.74,1852955
2026-01-12,QQQ,363.33,366.28,361.88,364.82,10096845
2026-01-12,IWM,407.34,408.96,403.35,404.97,6630361
2026-01-12,EFA,234.85,235.79,233.11,234.04,9746705
2026-01-12,EEM,486.56,488.5,480.03,481.96,17187876
2026-01-12,TLT,73.38,73.74,73.09,73.45,4830848
2026-01-12,GLD,408.17,412.21,406.54,410.56,8085305
2026-01-12,DBC,200.86,203.7,200.06,202.89,19788552
2026-01-13,SPY,367.74,369.22,363.85,365.31,9650102
2026-01-13,QQQ,364.82,366.71,363.36,365.25,7765305
2026-01-13,IWM,404.97,410.5,403.35,408.87,9775248
2026-01-13,EFA,234.04,234.98,232.65,233.58,9008604
2026-01-13,EEM,481.96,486.34,480.03,484.4,10711613
2026-01-13,TLT,73.45,73.74,72.95,73.24,14946429
2026-01-13,GLD,410.56,413.09,408.92,411.45,10849045
2026-01-13,DBC,202.89,203.7,201.75,202.56,5843621
2026-01-14,SPY,365.31,367.36,363.85,365.9,18038686
2026-01-14,QQQ,365.25,366.71,363.63,365.09,12438905
2026-01-14,IWM,408.87,410.5,403.75,405.37,18669316
2026-01-14,EFA,233.58,234.51,232.43,233.37,10609803
2026-01-14,EEM,484.4,488.89,482.46,486.95,14721767
2026-01-14,TLT,73.24,74.61,72.95,74.32,8323755
2026-01-14,GLD,411.45,413.09,409.29,410.93,7044155
2026-01-14,DBC,202.56,204.7,201.75,203.88,18503761
2026-01-15,SPY,365.9,368.02,364.43,366.56,7600543
2026-01-15,QQQ,365.09,366.55,357.1,358.54,3659749
2026-01-15,IWM,405.37,410.75,403.75,409.11,17625561
2026-01-15,EFA,233.37,234.3,228.65,229.57,10190171
2026-01-15,EEM,486.95,490.49,485.0,488.53,7448487
2026-01-15,TLT,74.32,75.16,74.02,74.86,11336253
2026-01-15,GLD,410.93,412.85,409.29,411.21,18433607
2026-01-15,DBC,203.88,205.49,203.06,204.67,14694334
2026-01-16,SPY,366.56,371.77,365.09,370.29,18396603
2026-01-16,QQQ,358.54,359.97,349.46,350.87,12664908
2026-01-16,IWM,409.11,410.75,404.33,405.95,17542909
2026-01-16,EFA,229.57,233.77,228.65,232.84,4030971
2026-01-16,EEM,488.53,503.09,486.58,501.08,16992523
2026-01-16,TLT,74.86,75.41,74.56,75.1,5472199
2026-01-16,GLD,411.21,414.75,409.56,413.1,7242874
2026-01-16,DBC,204.67,205.49,202.81,203.62,19895426
2026-01-19,SPY,370.29,373.26,368.81,371.78,6485749
2026-01-19,QQQ,350.87,352.27,346.08,347.47,13454241
2026-01-19,IWM,405.95,407.58,398.54,400.14,12950641
2026-01-19,EFA,232.84,233.77,230.04,230.96,18442365
2026-01-19,EEM,501.08,517.25,499.08,515.19,3393833
2026-01-19,TLT,75.1,75.41,73.64,73.93,5052434
2026-01-19,GLD,413.1,414.75,409.6,411.25,11770260
2026-01-19,DBC,203.62,205.7,202.81,204.88,13797295
2026-01-20,SPY,371.78,373.26,364.55,366.01,10782514
2026-01-20,QQQ,347.47,348.86,342.14,343.51,4613428
2026-01-20,IWM,400.14,405.87,398.54,404.25,18223962
2026-01-20,EFA,230.96,231.88,229.3,230.23,1860397
2026-01-20,EEM,515.19,517.25,506.29,508.32,1694167
2026-01-20,TLT,73.93,74.23,73.4,73.69,9171772
2026-01-20,GLD,411.25,415.36,409.6,413.71,7120121
2026-01-20,DBC,204.88,205.7,203.85,204.67,6633132
2026-01-21,SPY,366.01,369.38,364.55,367.91,2009101
2026-01-21,QQQ,343.51,346.64,342.14,345.26,1652672
2026-01-21,IWM,404.25,410.58,402.64,408.94,7545964
2026-01-21,EFA,230.23,232.87,229.3,231.94,9771776
2026-01-21,EEM,508.32,518.47,506.29,516.4,16567246
2026-01-21,TLT,73.69,74.16,73.4,73.87,18545990
2026-01-21,GLD,413.71,415.53,412.05,413.87,12767531
2026-01-21,DBC,204.67,207.76,203.85,206.93,4150971
2026-01-22,SPY,367.91,369.38,366.29,367.76,5128844
2026-01-22,QQQ,345.26,346.64,342.65,344.03,16597621
2026-01-22,IWM,408.94,410.58,403.48,405.1,10382585
2026-01-22,EFA,231.94,232.9,231.01,231.97,4692329
2026-01-22,EEM,516.4,523.07,514.34,520.98,5595434
2026-01-22,TLT,73.87,74.95,73.57,74.65,19173002
2026-01-22,GLD,413.87,415.53,405.97,407.6,5939901
2026-01-22,DBC,206.93,207.76,204.02,204.84,16503983
2026-01-23,SPY,367.76,369.23,366.29,367.76,1621052
2026-01-23,QQQ,344.03,345.41,340.25,341.62,14044109
2026-01-23,IWM,405.1,406.72,402.14,403.75,18636727
2026-01-23,EFA,231.97,232.9,228.44,229.36,2214914
2026-01-23,EEM,520.98,523.07,508.09,510.13,13188805
2026-01-23,TLT,74.65,76.57,74.35,76.26,12359804
2026-01-23,GLD,407.6,409.23,400.23,401.83,15615702
2026-01-23,DBC,204.84,208.0,204.02,207.17,19938945
2026-01-26,SPY,367.76,371.55,366.29,370.07,14441638
2026-01-26,QQQ,341.62,342.99,332.18,333.51,19826744
2026-01-26,IWM,403.75,409.6,402.14,407.97,12858802
2026-01-26,EFA,229.36,231.01,228.44,230.09,9364597
2026-01-26,EEM,510.13,518.35,508.09,516.29,1387704
2026-01-26,TLT,76.26,76.57,74.79,75.09,13228307
2026-01-26,GLD,401.83,405.13,400.23,403.52,11883388
2026-01-26,DBC,207.17,208.92,206.34,208.08,15530429
2026-01-27,SPY,370.07,372.99,368.59,371.51,8565801
2026-01-27,QQQ,333.51,340.28,332.18,338.92,5677712
2026-01-27,IWM,407.97,409.6,403.53,405.15,16224696
2026-01-27,EFA,230.09,231.92,229.17,230.99,2569067
2026-01-27,EEM,516.29,523.08,514.22,520.99,2351129
2026-01-27,TLT,75.09,75.39,72.72,73.01,2153388
2026-01-27,GLD,403.52,408.39,401.9,406.76,10174892
2026-01-27,DBC,208.08,208.92,205.23,206.06,19195039
2026-01-28,SPY,371.51,373.33,370.02,371.84,4372361
2026-01-28,QQQ,338.92,340.28,336.53,337.88,9408107
2026-01-28,IWM,405.15,407.45,403.53,405.83,8940734
2026-01-28,EFA,230.99,232.08,230.07,231.16,2322678
2026-01-28,EEM,520.99,523.08,517.97,520.05,6602860
2026-01-28,TLT,73.01,74.21,72.72,73.92,5039324
2026-01-28,GLD,406.76,416.98,405.14,415.32,18239558
2026-01-28,DBC,206.06,208.87,205.23,208.04,10006396
2026-01-29,SPY,371.84,376.96,370.35,375.46,5979723
2026-01-29,QQQ,337.88,341.82,336.53,340.46,15763183
2026-01-29,IWM,405.83,409.04,404.21,407.41,10851563
2026-01-29,EFA,231.16,232.77,230.23,231.85,14641354
2026-01-29,EEM,520.05,522.13,514.04,516.11,3947663
2026-01-29,TLT,73.92,74.21,73.23,73.53,19331276
2026-01-29,GLD,415.32,416.98,412.58,414.24,8436200
2026-01-29,DBC,208.04,211.16,207.21,210.32,13973869
2026-01-30,SPY,375.46,378.49,373.96,376.99,16464681
2026-01-30,QQQ,340.46,347.7,339.1,346.32,19388826
2026-01-30,IWM,407.41,409.04,404.73,406.35,11418803
2026-01-30,EFA,231.85,234.9,230.92,233.97,2038923
2026-01-30,EEM,516.11,518.61,514.04,516.55,18194951
2026-01-30,TLT,73.53,74.6,73.23,74.3,19317887
2026-01-30,GLD,414.24,415.9,408.82,410.46,1398564
2026-01-30,DBC,210.32,213.09,209.48,212.24,12833067
2026-02-02,SPY,376.99,382.62,375.48,381.09,11870042
2026-02-02,QQQ,346.32,356.12,344.93,354.7,19678181
2026-02-02,IWM,406.35,407.98,403.73,405.35,8252489
2026-02-02,EFA,233.97,236.29,233.03,235.34,10915477
2026-02-02,EEM,516.55,520.01,514.48,517.94,19492804
2026-02-02,TLT,74.3,74.7,74.01,74.4,3241396
2026-02-02,GLD,410.46,412.1,406.03,407.66,3080940
2026-02-02,DBC,212.24,213.09,210.3,211.15,18347493
2026-02-03,SPY,381.09,382.62,377.04,378.55,4665628
2026-02-03,QQQ,354.7,358.92,353.28,357.49,18479483
2026-02-03,IWM,405.35,408.61,403.73,406.98,6184884
2026-02-03,EFA,235.34,241.43,234.4,240.47,14983869
2026-02-03,EEM,517.94,520.01,513.26,515.32,7794522
2026-02-03,TLT,74.4,75.58,74.1,75.28,10286104
2026-02-03,GLD,407.66,411.09,406.03,409.45,16946355
2026-02-03,DBC,211.15,211.99,208.16,209.0,10015493
2026-02-04,SPY,378.55,381.19,377.04,379.67,5270561
2026-02-04,QQQ,357.49,358.92,349.8,351.21,14859114
2026-02-04,IWM,406.98,409.1,405.35,407.47,19453137
2026-02-04,EFA,240.47,241.43,239.29,240.26,4940893
2026-02-04,EEM,515.32,517.39,498.71,500.71,6020853
2026-02-04,TLT,75.28,75.64,74.98,75.33,15022737
2026-02-04,GLD,409.45,412.72,407.81,411.08,4725416
2026-02-04,DBC,209.0,209.83,206.91,207.75,13735998
2026-02-05,SPY,379.67,384.14,378.15,382.61,10665791
2026-02-05,QQQ,351.21,352.61,344.84,346.22,12831920
2026-02-05,IWM,407.47,409.1,405.18,406.8,19634509
2026-02-05,EFA,240.26,243.17,239.29,242.21,13901709
2026-02-05,EEM,500.71,502.71,498.54,500.54,17762110
2026-02-05,TLT,75.33,75.64,74.94,75.25,13773302
2026-02-05,GLD,411.08,412.72,407.11,408.74,11201645
2026-02-05,DBC,207.75,209.11,206.91,208.28,5865077
2026-02-06,SPY,382.61,384.14,378.31,379.83,8782523
2026-02-06,QQQ,346.22,349.08,344.84,347.69,3950432
2026-02-06,IWM,406.8,410.06,405.18,408.42,9142079
2026-02-06,EFA,242.21,243.17,239.48,240.44,11932669
2026-02-06,EEM,500.54,504.49,498.54,502.48,1358773
2026-02-06,TLT,75.25,76.69,74.94,76.38,1858162
2026-02-06,GLD,408.74,414.83,407.11,413.17,17687872
2026-02-06,DBC,208.28,209.98,207.45,209.14,11060253
2026-02-09,SPY,379.83,386.21,378.31,384.67,19069048
2026-02-09,QQQ,347.69,349.08,342.97,344.35,15668647
2026-02-09,IWM,408.42,410.06,402.89,404.51,15430294
2026-02-09,EFA,240.44,241.4,239.14,240.1,14070041
2026-02-09,EEM,502.48,504.49,499.09,501.1,12781188
2026-02-09,TLT,76.38,76.77,76.07,76.47,16202338
2026-02-09,GLD,413.17,420.04,411.52,418.36,18624406
2026-02-09,DBC,209.14,209.98,207.41,208.24,8693083
2026-02-10,SPY,384.67,388.79,383.13,387.24,14451759
2026-02-10,QQQ,344.35,347.92,342.97,346.53,19835400
2026-02-10,IWM,404.51,408.21,402.89,406.58,7315420
2026-02-10,EFA,240.1,241.06,238.54,239.5,15133976
2026-02-10,EEM,501.1,503.1,493.25,495.23,12518554
2026-02-10,TLT,76.47,76.89,76.16,76.58,18788506
2026-02-10,GLD,418.36,420.04,416.53,418.2,13170759
2026-02-10,DBC,208.24,209.07,206.6,207.43,11672918
2026-02-11,SPY,387.24,388.79,384.89,386.44,11423013
2026-02-11,QQQ,346.53,349.04,345.15,347.65,18199787
2026-02-11,IWM,406.58,410.78,404.95,409.14,10895891
2026-02-11,EFA,239.5,243.14,238.54,242.17,12521085
2026-02-11,EEM,495.23,504.9,493.25,502.88,15122628
2026-02-11,TLT,76.58,76.89,73.28,73.58,6247901
2026-02-11,GLD,418.2,419.87,409.64,411.29,7972416
2026-02-11,DBC,207.43,208.26,206.12,206.95,17941209
2026-02-12,SPY,386.44,390.64,384.89,389.08,3018967
2026-02-12,QQQ,347.65,349.04,343.66,345.04,19956629
2026-02-12,IWM,409.14,410.78,405.18,406.8,2419811
2026-02-12,EFA,242.17,243.14,239.95,240.92,14804884
2026-02-12,EEM,502.88,505.56,500.87,503.54,19553331
2026-02-12,TLT,73.58,73.89,73.28,73.6,1131300
2026-02-12,GLD,411.29,416.06,409.64,414.4,4305017
2026-02-12,DBC,206.95,207.78,205.2,206.02,1518116
2026-02-13,SPY,389.08,390.64,386.52,388.07,17705453
2026-02-13,QQQ,345.04,346.42,341.35,342.72,19563981
2026-02-13,IWM,406.8,408.43,399.08,400.68,18833799
2026-02-13,EFA,240.92,241.88,238.16,239.12,18258249
2026-02-13,EEM,503.54,513.38,501.53,511.33,14794242
2026-02-13,TLT,73.6,73.89,73.29,73.59,5076908
2026-02-13,GLD,414.4,418.7,412.74,417.03,18095583
2026-02-13,DBC,206.02,208.88,205.2,208.05,4578450
2026-02-16,SPY,388.07,390.94,386.52,389.38,18532027
2026-02-16,QQQ,342.72,344.32,341.35,342.95,17455988
2026-02-16,IWM,400.68,404.65,399.08,403.04,3084241
2026-02-16,EFA,239.12,240.07,235.54,236.49,1419136
2026-02-16,EEM,511.33,513.38,506.48,508.51,5829393
2026-02-16,TLT,73.59,73.88,72.02,72.31,8994777
2026-02-16,GLD,417.03,418.7,413.86,415.52,9945948
2026-02-16,DBC,208.05,209.96,207.22,209.12,4337180
2026-02-17,SPY,389.38,396.02,387.83,394.44,3114685
2026-02-17,QQQ,342.95,344.32,334.24,335.58,12706925
2026-02-17,IWM,403.04,406.65,401.43,405.03,1655933
2026-02-17,EFA,236.49,240.08,235.54,239.13,2834718
2026-02-17,EEM,508.51,511.87,506.48,509.83,2473831
2026-02-17,TLT,72.31,73.67,72.02,73.38,15751906
2026-02-17,GLD,415.52,419.67,413.86,418.0,8479265
2026-02-17,DBC,209.12,210.56,208.29,209.72,2475682
2026-02-18,SPY,394.44,398.43,392.86,396.84,6822740
2026-02-18,QQQ,335.58,341.23,334.24,339.87,11562717
2026-02-18,IWM,405.03,413.96,403.41,412.31,16282142
2026-02-18,EFA,239.13,240.18,238.17,239.22,11189694
2026-02-18,EEM,509.83,511.87,504.2,506.22,17627961
2026-02-18,TLT,73.38,74.09,73.08,73.79,3265794
2026-02-18,GLD,418.0,419.71,416.33,418.04,8428895
2026-02-18,DBC,209.72,212.7,208.88,211.85,14874588
2026-02-19,SPY,396.84,398.43,392.88,394.45,17253417
2026-02-19,QQQ,339.87,348.7,338.51,347.31,1752508
2026-02-19,IWM,412.31,414.93,410.66,413.28,6820606
2026-02-19,EFA,239.22,240.18,236.7,237.66,6701713
2026-02-19,EEM,506.22,508.25,502.11,504.12,10754294
2026-02-19,TLT,73.79,74.64,73.5,74.35,14288457
2026-02-19,GLD,418.04,419.71,414.53,416.19,18909694
2026-02-19,DBC,211.85,212.7,210.71,211.55,13938501
2026-02-20,SPY,394.45,396.03,390.5,392.07,5136898
2026-02-20,QQQ,347.31,353.66,345.92,352.25,15169265
2026-02-20,IWM,413.28,416.72,411.63,415.06,9218689
2026-02-20,EFA,237.66,238.61,234.94,235.88,13997765
2026-02-20,EEM,504.12,508.08,502.11,506.05,8958262
2026-02-20,TLT,74.35,75.49,74.05,75.19,15615520
2026-02-20,GLD,416.19,423.18,414.53,421.49,12456191
2026-02-20,DBC,211.55,213.16,210.71,212.31,6230914
2026-02-23,SPY,392.07,393.77,390.5,392.2,7586609
2026-02-23,QQQ,352.25,355.74,350.84,354.33,10048545
2026-02-23,IWM,415.06,416.72,407.72,409.36,19621896
2026-02-23,EFA,235.88,236.82,233.87,234.81,15874971
2026-02-23,EEM,506.05,508.08,494.35,496.33,9059251
2026-02-23,TLT,75.19,75.91,74.89,75.61,6342603
2026-02-23,GLD,421.49,423.18,417.9,419.58,14594648
2026-02-23,DBC,212.31,214.32,211.46,213.47,13646450
2026-02-24,SPY,392.2,393.77,387.75,389.31,10974176
2026-02-24,QQQ,354.33,355.74,349.0,350.4,16970362
2026-02-24,IWM,409.36,410.99,405.48,407.11,16189828
2026-02-24,EFA,234.81,235.75,233.76,234.7,5393780
2026-02-24,EEM,496.33,517.56,494.35,515.5,15775585
2026-02-24,TLT,75.61,75.91,73.96,74.25,13347888
2026-02-24,GLD,419.58,421.26,414.06,415.72,18119266
2026-02-24,DBC,213.47,214.32,212.25,213.1,8131724
2026-02-25,SPY,389.31,394.74,387.75,393.17,18214364
2026-02-25,QQQ,350.4,356.55,349.0,355.13,4069206
2026-02-25,IWM,407.11,408.74,403.09,404.71,13912337
2026-02-25,EFA,234.7,235.64,233.26,234.2,1963576
2026-02-25,EEM,515.5,517.56,509.52,511.57,11428347
2026-02-25,TLT,74.25,74.55,72.81,73.1,1503328
2026-02-25,GLD,415.72,417.38,412.72,414.38,6940718
2026-02-25,DBC,213.1,214.61,212.25,213.75,8770022
2026-02-26,SPY,393.17,394.74,389.58,391.14,4656135
2026-02-26,QQQ,355.13,361.97,353.71,360.53,3284412
2026-02-26,IWM,404.71,406.33,400.34,401.95,17789481
2026-02-26,EFA,234.2,235.14,232.47,233.4,10964278
2026-02-26,EEM,511.57,517.14,509.52,515.08,3950781
2026-02-26,TLT,73.1,75.03,72.81,74.73,8597556
2026-02-26,GLD,414.38,416.03,410.95,412.6,14387304
2026-02-26,DBC,213.75,218.49,212.9,217.61,10474565
2026-02-27,SPY,391.14,392.71,385.79,387.34,16584840
2026-02-27,QQQ,360.53,368.27,359.09,366.8,5434817
2026-02-27,IWM,401.95,405.8,400.34,404.19,13300445
2026-02-27,EFA,233.4,234.33,231.91,232.84,12792002
2026-02-27,EEM,515.08,518.44,513.02,516.38,16521666
2026-02-27,TLT,74.73,75.03,74.29,74.59,9335625
2026-02-27,GLD,412.6,417.91,410.95,416.25,4278197
2026-02-27,DBC,217.61,218.57,216.74,217.7,7095394
2026-03-02,SPY,387.34,388.89,385.18,386.73,8354858
2026-03-02,QQQ,366.8,371.47,365.33,369.99,2357339
2026-03-02,IWM,404.19,405.8,398.95,400.55,15451994
2026-03-02,EFA,232.84,235.29,231.91,234.35,7646719
2026-03-02,EEM,516.38,518.83,514.31,516.76,2316470
2026-03-02,TLT,74.59,74.89,73.68,73.97,19533600
2026-03-02,GLD,416.25,417.91,412.47,414.13,7028778
2026-03-02,DBC,217.7,221.51,216.83,220.63,19943149
2026-03-03,SPY,386.73,390.56,385.18,389.0,18474456
2026-03-03,QQQ,369.99,371.47,363.83,365.29,9546618
2026-03-03,IWM,400.55,407.02,398.95,405.39,12711809
2026-03-03,EFA,234.35,235.29,231.99,232.92,1032606
2026-03-03,EEM,516.76,526.79,514.7,524.69,10607812
2026-03-03,TLT,73.97,75.49,73.68,75.18,2441490
2026-03-03,GLD,414.13,419.18,412.47,417.51,2588694
2026-03-03,DBC,220.63,221.51,217.83,218.71,9202618
2026-03-04,SPY,389.0,390.56,387.12,388.68,11688811
2026-03-04,QQQ,365.29,366.75,362.73,364.19,8051100
2026-03-04,IWM,405.39,407.82,403.77,406.2,3890272
2026-03-04,EFA,232.92,233.85,230.09,231.02,15000127
2026-03-04,EEM,524.69,526.79,520.81,522.9,8408840
2026-03-04,TLT,75.18,75.49,73.88,74.17,10434355
2026-03-04,GLD,417.51,419.18,412.32,413.97,15226264
2026-03-04,DBC,218.71,219.58,217.58,218.46,15849753
2026-03-05,SPY,388.68,394.8,387.12,393.23,16192790
2026-03-05,QQQ,364.19,365.65,359.98,361.42,18067740
2026-03-05,IWM,406.2,413.21,404.57,411.56,15373054
2026-03-05,EFA,231.02,232.92,230.09,232.0,18175878
2026-03-05,EEM,522.9,531.19,520.81,529.07,17425232
2026-03-05,TLT,74.17,74.47,72.36,72.66,7351722
2026-03-05,GLD,413.97,421.14,412.32,419.46,19761182
2026-03-05,DBC,218.46,220.33,217.58,219.45,9764335
2026-03-06,SPY,393.23,395.75,391.66,394.17,8918957
2026-03-06,QQQ,361.42,365.03,359.98,363.58,19251315
2026-03-06,IWM,411.56,413.21,409.6,411.24,6638857
2026-03-06,EFA,232.0,238.14,231.07,237.19,13006641
2026-03-06,EEM,529.07,531.19,525.68,527.79,11420422
2026-03-06,TLT,72.66,73.35,72.36,73.05,5603346
2026-03-06,GLD,419.46,424.91,417.78,423.21,17199343
2026-03-06,DBC,219.45,222.99,218.58,222.11,8981681
2026-03-09,SPY,394.17,395.75,392.54,394.12,15932763
2026-03-09,QQQ,363.58,365.03,361.63,363.08,5466166
2026-03-09,IWM,411.24,416.19,409.6,414.53,11045266
2026-03-09,EFA,237.19,238.14,235.42,236.37,5476129
2026-03-09,EEM,527.79,532.65,525.68,530.53,19900155
2026-03-09,TLT,73.05,73.35,72.39,72.68,9078934
2026-03-09,GLD,423.21,424.91,417.91,419.59,19396558
2026-03-09,DBC,222.11,226.58,221.22,225.68,15248393
2026-03-10,SPY,394.12,395.87,392.54,394.3,6193927
2026-03-10,QQQ,363.08,364.54,359.06,360.51,16474593
2026-03-10,IWM,414.53,418.4,412.87,416.74,7923131
2026-03-10,EFA,236.37,237.31,233.59,234.52,4841252
2026-03-10,EEM,530.53,532.65,528.3,530.42,17327877
2026-03-10,TLT,72.68,72.97,72.24,72.53,7926734
2026-03-10,GLD,419.59,428.97,417.91,427.26,11197313
2026-03-10,DBC,225.68,227.95,224.78,227.04,7614018
2026-03-11,SPY,394.3,398.1,392.72,396.51,4791259
2026-03-11,QQQ,360.51,364.18,359.06,362.73,6412987
2026-03-11,IWM,416.74,418.4,413.54,415.2,13179448
2026-03-11,EFA,234.52,237.47,233.59,236.52,10714200
2026-03-11,EEM,530.42,533.94,528.3,531.81,1362862
2026-03-11,TLT,72.53,73.2,72.24,72.9,16720642
2026-03-11,GLD,427.26,435.3,425.55,433.57,3817625
2026-03-11,DBC,227.04,227.95,226.05,226.95,12130846
2026-03-12,SPY,396.51,402.39,394.92,400.79,4650805
2026-03-12,QQQ,362.73,364.18,360.56,362.01,17403967
2026-03-12,IWM,415.2,421.12,413.54,419.45,19222466
2026-03-12,EFA,236.52,237.47,234.87,235.81,11798253
2026-03-12,EEM,531.81,548.01,529.69,545.83,10595665
2026-03-12,TLT,72.9,73.34,72.61,73.04,9435988
2026-03-12,GLD,433.57,435.3,430.8,432.53,1928401
2026-03-12,DBC,226.95,227.86,225.41,226.31,1848693
2026-03-13,SPY,400.79,403.41,399.18,401.81,10942693
2026-03-13,QQQ,362.01,363.46,352.77,354.19,13344265
2026-03-13,IWM,419.45,423.42,417.77,421.73,6652551
2026-03-13,EFA,235.81,239.41,234.87,238.46,4428493
2026-03-13,EEM,545.83,550.81,543.64,548.61,11961342
2026-03-13,TLT,73.04,73.34,70.83,71.12,13729731
2026-03-13,GLD,432.53,437.06,430.8,435.31,11742639
2026-03-13,DBC,226.31,231.15,225.41,230.23,8725099
2026-03-16,SPY,401.81,403.41,397.41,399.0,13390847
2026-03-16,QQQ,354.19,359.36,352.77,357.93,9507724
2026-03-16,IWM,421.73,423.76,420.05,422.07,14529896
2026-03-16,EFA,238.46,239.95,237.5,238.99,2696075
2026-03-16,EEM,548.61,558.0,546.42,555.78,17761448
2026-03-16,TLT,71.12,71.4,70.44,70.72,6284234
2026-03-16,GLD,435.31,442.29,433.57,440.53,3692164
2026-03-16,DBC,230.23,231.16,229.31,230.24,5760960
2026-03-17,SPY,399.0,400.6,396.71,398.3,15870934
2026-03-17,QQQ,357.93,359.36,354.19,355.61,14468266
2026-03-17,IWM,422.07,424.91,420.39,423.22,15747261
2026-03-17,EFA,238.99,240.2,238.04,239.24,17086041
2026-03-17,EEM,555.78,561.97,553.56,559.74,1094030
2026-03-17,TLT,70.72,72.58,70.44,72.29,2074455
2026-03-17,GLD,440.53,446.4,438.77,444.62,18156051
2026-03-17,DBC,230.24,231.16,225.73,226.64,15275542
2026-03-18,SPY,398.3,400.74,396.71,399.14,2855501
2026-03-18,QQQ,355.61,358.22,354.19,356.79,18267847
2026-03-18,IWM,423.22,424.91,419.95,421.63,3104457
2026-03-18,EFA,239.24,240.2,234.02,234.96,15720108
2026-03-18,EEM,559.74,578.45,557.5,576.15,6915039
2026-03-18,TLT,72.29,72.74,72.01,72.45,6518521
2026-03-18,GLD,444.62,446.4,442.44,444.22,19903674
2026-03-18,DBC,226.64,227.78,225.73,226.87,12680381
2026-03-19,SPY,399.14,400.74,394.22,395.81,19210716
2026-03-19,QQQ,356.79,358.22,353.43,354.85,11861390
2026-03-19,IWM,421.63,423.32,416.45,418.12,18941397
2026-03-19,EFA,234.96,235.9,233.72,234.66,6179617
2026-03-19,EEM,576.15,595.59,573.84,593.22,3732628
2026-03-19,TLT,72.45,72.74,71.75,72.03,3013549
2026-03-19,GLD,444.22,445.99,441.7,443.47,10966964
2026-03-19,DBC,226.87,227.78,224.11,225.01,19959034
2026-03-20,SPY,395.81,397.39,387.04,388.6,17130697
2026-03-20,QQQ,354.85,356.27,349.07,350.47,5591996
2026-03-20,IWM,418.12,419.8,415.72,417.39,1934211
2026-03-20,EFA,234.66,237.33,233.72,236.39,7336573
2026-03-20,EEM,593.22,597.79,590.85,595.4,3859058
2026-03-20,TLT,72.03,74.07,71.75,73.77,5929751
2026-03-20,GLD,443.47,445.24,439.52,441.29,14971290
2026-03-20,DBC,225.01,225.91,222.42,223.31,13079636
2026-03-23,SPY,388.6,390.15,383.04,384.58,14299068
2026-03-23,QQQ,350.47,351.87,348.05,349.45,9760432
2026-03-23,IWM,417.39,421.04,415.72,419.36,7805522
2026-03-23,EFA,236.39,238.13,235.44,237.18,19391649
2026-03-23,EEM,595.4,598.05,593.02,595.67,9505698
2026-03-23,TLT,73.77,74.07,72.73,73.03,4186487
2026-03-23,GLD,441.29,445.19,439.52,443.42,17417419
2026-03-23,DBC,223.31,227.34,222.42,226.43,8616527
2026-03-24,SPY,384.58,386.12,380.94,382.47,4792248
2026-03-24,QQQ,349.45,350.84,347.04,348.44,18219610
2026-03-24,IWM,419.36,425.25,417.68,423.56,14691090
2026-03-24,EFA,237.18,238.13,234.73,235.67,3465348
2026-03-24,EEM,595.67,599.47,593.29,597.08,17882261
2026-03-24,TLT,73.03,73.32,72.21,72.5,19473822
2026-03-24,GLD,443.42,445.19,434.0,435.74,4845787
2026-03-24,DBC,226.43,227.34,225.43,226.33,18285774
2026-03-25,SPY,382.47,388.89,380.94,387.34,14152087
2026-03-25,QQQ,348.44,354.32,347.04,352.91,19263668
2026-03-25,IWM,423.56,429.94,421.87,428.23,19892266
2026-03-25,EFA,235.67,241.2,234.73,240.24,16941996
2026-03-25,EEM,597.08,600.32,594.69,597.93,2931209
2026-03-25,TLT,72.5,72.79,71.66,71.94,14567952
2026-03-25,GLD,435.74,437.66,434.0,435.92,1509057
2026-03-25,DBC,226.33,229.48,225.43,228.57,8151580
2026-03-26,SPY,387.34,388.89,384.27,385.81,5549814
2026-03-26,QQQ,352.91,354.78,351.5,353.37,15293363
2026-03-26,IWM,428.23,431.54,426.51,429.82,7764549
2026-03-26,EFA,240.24,241.2,238.73,239.69,19889778
2026-03-26,EEM,597.93,608.95,595.54,606.53,12900466
2026-03-26,TLT,71.94,73.38,71.66,73.09,6637314
2026-03-26,GLD,435.92,437.66,429.05,430.77,1390808
2026-03-26,DBC,228.57,232.8,227.66,231.87,9577043
2026-03-27,SPY,385.81,389.63,384.27,388.08,18606305
2026-03-27,QQQ,353.37,357.48,351.96,356.05,12977583
2026-03-27,IWM,429.82,431.62,428.1,429.9,12859562
2026-03-27,EFA,239.69,240.64,238.05,239.0,4343541
2026-03-27,EEM,606.53,608.95,600.61,603.02,4790622
2026-03-27,TLT,73.09,74.15,72.79,73.85,2145764
2026-03-27,GLD,430.77,437.59,429.05,435.85,9543038
2026-03-27,DBC,231.87,232.8,229.51,230.43,12890153
2026-03-30,SPY,388.08,390.91,386.53,389.35,15759867
2026-03-30,QQQ,356.05,361.63,354.63,360.18,4810983
2026-03-30,IWM,429.9,433.0,428.18,431.27,3474801
2026-03-30,EFA,239.0,239.96,235.67,236.62,9671198
2026-03-30,EEM,603.02,609.19,600.61,606.76,10731959
2026-03-30,TLT,73.85,75.44,73.56,75.14,13778231
2026-03-30,GLD,435.85,440.17,434.11,438.42,9397436
2026-03-30,DBC,230.43,231.36,227.06,227.97,19066834
2026-03-31,SPY,389.35,396.49,387.8,394.91,10016549
2026-03-31,QQQ,360.18,361.63,358.57,360.01,15901155
2026-03-31,IWM,431.27,436.67,429.55,434.93,6064483
2026-03-31,EFA,236.62,237.66,235.67,236.71,17346722
2026-03-31,EEM,606.76,609.19,590.78,593.15,2189802
2026-03-31,TLT,75.14,75.44,74.83,75.13,3503290
2026-03-31,GLD,438.42,443.06,436.66,441.3,14172282
2026-03-31,DBC,227.97,232.77,227.06,231.85,16963755
2026-04-01,SPY,394.91,401.52,393.33,399.92,16052086
2026-04-01,QQQ,360.01,361.45,357.23,358.67,14200853
2026-04-01,IWM,434.93,438.18,433.19,436.43,18347552
2026-04-01,EFA,236.71,242.82,235.76,241.85,3546229
2026-04-01,EEM,593.15,595.52,585.77,588.12,11444050
2026-04-01,TLT,75.13,76.48,74.83,76.18,5392977
2026-04-01,GLD,441.3,443.06,438.4,440.16,6695120
2026-04-01,DBC,231.85,232.77,230.66,231.58,13112650
2026-04-02,SPY,399.92,401.52,397.95,399.54,16717076
2026-04-02,QQQ,358.67,360.1,353.56,354.98,14015136
2026-04-02,IWM,436.43,441.48,434.69,439.72,12257684
2026-04-02,EFA,241.85,242.82,240.12,241.08,17221479
2026-04-02,EEM,588.12,590.47,585.35,587.71,16415164
2026-04-02,TLT,76.18,76.7,75.88,76.39,2522750
2026-04-02,GLD,440.16,441.92,433.96,435.71,5820127
2026-04-02,DBC,231.58,232.51,228.1,229.02,10149182
2026-04-03,SPY,399.54,401.14,397.1,398.69,9793530
2026-04-03,QQQ,354.98,357.32,353.56,355.9,12973353
2026-04-03,IWM,439.72,441.48,434.09,435.83,5667244
2026-04-03,EFA,241.08,242.05,238.98,239.94,2144594
2026-04-03,EEM,587.71,602.96,585.35,600.56,4196127
2026-04-03,TLT,76.39,76.7,74.89,75.19,7685518
2026-04-03,GLD,435.71,438.16,433.96,436.42,4321639
2026-04-03,DBC,229.02,229.93,225.09,225.99,13177253
2026-04-06,SPY,398.69,401.87,397.1,400.27,8987223
2026-04-06,QQQ,355.9,357.32,347.52,348.92,5735995
2026-04-06,IWM,435.83,437.58,433.05,434.79,12458849
2026-04-06,EFA,239.94,240.9,237.3,238.25,13168621
2026-04-06,EEM,600.56,602.96,588.84,591.2,12758472
2026-04-06,TLT,75.19,75.49,74.81,75.11,19479773
2026-04-06,GLD,436.42,438.16,433.78,435.53,12315102
2026-04-06,DBC,225.99,226.9,223.25,224.15,11844791
2026-04-07,SPY,400.27,406.28,398.67,404.66,17902483
2026-04-07,QQQ,348.92,350.31,342.85,344.23,13324054
2026-04-07,IWM,434.79,442.2,433.05,440.43,12718415
2026-04-07,EFA,238.25,239.21,234.92,235.86,6060339
2026-04-07,EEM,591.2,594.38,588.84,592.01,16204415
2026-04-07,TLT,75.11,75.53,74.81,75.23,14588924
2026-04-07,GLD,435.53,437.27,428.91,430.64,11147202
2026-04-07,DBC,224.15,226.1,223.25,225.19,6667988
2026-04-08,SPY,404.66,406.28,401.5,403.12,11351421
2026-04-08,QQQ,344.23,345.6,341.66,343.03,9459664
2026-04-08,IWM,440.43,442.2,438.26,440.02,12424183
2026-04-08,EFA,235.86,236.81,232.3,233.24,3466268
2026-04-08,EEM,592.01,602.59,589.64,600.19,3685429
2026-04-08,TLT,75.23,75.53,74.26,74.55,6997633
2026-04-08,GLD,430.64,432.36,427.58,429.3,16699193
2026-04-08,DBC,225.19,228.15,224.29,227.24,12978150
2026-04-09,SPY,403.12,409.86,401.5,408.23,3273214
2026-04-09,QQQ,343.03,344.41,340.51,341.87,17257652
2026-04-09,IWM,440.02,441.78,437.56,439.32,9641582
2026-04-09,EFA,233.24,235.25,232.3,234.32,19336989
2026-04-09,EEM,600.19,606.96,597.79,604.54,9994300
2026-04-09,TLT,74.55,74.96,74.26,74.66,8949095
2026-04-09,GLD,429.3,431.01,426.69,428.4,14407464
2026-04-09,DBC,227.24,228.15,224.93,225.84,16029658
2026-04-10,SPY,408.23,411.33,406.6,409.69,17841511
2026-04-10,QQQ,341.87,348.32,340.51,346.93,4341011
2026-04-10,IWM,439.32,443.38,437.56,441.61,5329001
2026-04-10,EFA,234.32,238.36,233.38,237.41,2630781
2026-04-10,EEM,604.54,618.41,602.12,615.94,12447441
2026-04-10,TLT,74.66,75.93,74.36,75.63,5585730
2026-04-10,GLD,428.4,433.06,426.69,431.34,1503550
2026-04-10,DBC,225.84,226.89,224.93,225.99,11834600
2026-04-13,SPY,409.69,413.47,408.06,411.83,11963915
2026-04-13,QQQ,346.93,348.32,344.21,345.59,1908810
2026-04-13,IWM,441.61,443.38,437.86,439.62,12333842
2026-04-13,EFA,237.41,238.36,234.71,235.65,6855410
2026-04-13,EEM,615.94,625.55,613.48,623.06,2525524
2026-04-13,TLT,75.63,76.36,75.33,76.05,3925880
2026-04-13,GLD,431.34,433.06,427.04,428.76,17587966
2026-04-13,DBC,225.99,226.89,223.76,224.66,14406920
2026-04-14,SPY,411.83,413.47,410.06,411.71,1456342
2026-04-14,QQQ,345.59,351.39,344.21,349.99,1863722
2026-04-14,IWM,439.62,446.02,437.86,444.25,11517191
2026-04-14,EFA,235.65,236.59,233.45,234.39,2879637
2026-04-14,EEM,623.06,625.55,611.33,613.79,12044982
2026-04-14,TLT,76.05,77.27,75.75,76.96,6257263
2026-04-14,GLD,428.76,432.22,427.04,430.5,5786809
2026-04-14,DBC,224.66,226.37,223.76,225.46,18766472
2026-04-15,SPY,411.71,413.56,410.06,411.92,13137534
2026-04-15,QQQ,349.99,351.39,346.81,348.2,15201291
2026-04-15,IWM,444.25,446.02,439.58,441.34,19622534
2026-04-15,EFA,234.39,237.85,233.45,236.9,6147580
2026-04-15,EEM,613.79,616.24,606.44,608.87,12101127
2026-04-15,TLT,76.96,77.27,75.41,75.71,8717623
2026-04-15,GLD,430.5,432.22,428.48,430.2,17024287
2026-04-15,DBC,225.46,226.37,222.97,223.86,2061437
2026-04-16,SPY,411.92,414.09,410.27,412.44,19437926
2026-04-16,QQQ,348.2,349.6,343.4,344.78,16205560
2026-04-16,IWM,441.34,443.11,436.55,438.3,18771573
2026-04-16,EFA,236.9,237.85,235.18,236.12,10191509
2026-04-16,EEM,608.87,612.22,606.44,609.78,16963976
2026-04-16,TLT,75.71,76.14,75.41,75.83,4348420
2026-04-16,GLD,430.2,431.92,424.64,426.35,13163441
2026-04-16,DBC,223.86,224.76,219.96,220.84,6053067
2026-04-17,SPY,412.44,416.62,410.79,414.96,4016954
2026-04-17,QQQ,344.78,346.15,343.16,344.53,1937888
2026-04-17,IWM,438.3,440.06,435.48,437.23,19229170
2026-04-17,EFA,236.12,237.07,234.37,235.31,17839323
2026-04-17,EEM,609.78,615.89,607.34,613.44,9694392
2026-04-17,TLT,75.83,78.03,75.53,77.72,13267814
2026-04-17,GLD,426.35,428.05,423.87,425.57,6438500
2026-04-17,DBC,220.84,221.73,215.46,216.33,18733450
2026-04-20,SPY,414.96,422.61,413.3,420.93,9139817
2026-04-20,QQQ,344.53,347.11,343.16,345.73,15816195
2026-04-20,IWM,437.23,443.67,435.48,441.91,12550371
2026-04-20,EFA,235.31,236.25,234.04,234.98,14053608
2026-04-20,EEM,613.44,615.89,605.32,607.75,1888264
2026-04-20,TLT,77.72,78.29,77.4,77.98,4617310
2026-04-20,GLD,425.57,427.28,423.38,425.08,14483974
2026-04-20,DBC,216.33,217.19,215.24,216.1,12767010
2026-04-21,SPY,420.93,426.89,419.24,425.18,14754880
2026-04-21,QQQ,345.73,348.95,344.34,347.56,13601929
2026-04-21,IWM,441.91,449.01,440.14,447.22,8518970
2026-04-21,EFA,234.98,235.92,233.0,233.94,2030343
2026-04-21,EEM,607.75,610.4,605.32,607.97,15555727
2026-04-21,TLT,77.98,79.2,77.67,78.89,9114440
2026-04-21,GLD,425.08,426.95,423.38,425.25,15281093
2026-04-21,DBC,216.1,218.48,215.24,217.61,10351010
2026-04-22,SPY,425.18,426.89,420.16,421.85,8268201
2026-04-22,QQQ,347.56,361.38,346.17,359.94,6258770
2026-04-22,IWM,447.22,449.01,437.0,438.76,9968300
2026-04-22,EFA,233.94,235.49,233.0,234.55,5581008
2026-04-22,EEM,607.97,613.19,605.53,610.75,12124240
2026-04-22,TLT,78.89,79.2,77.75,78.06,1131936
2026-04-22,GLD,425.25,426.95,415.51,417.18,6422319
2026-04-22,DBC,217.61,218.98,216.74,218.11,11729640
2026-04-23,SPY,421.85,423.53,418.28,419.96,16201763
2026-04-23,QQQ,359.94,361.38,353.42,354.84,8115809
2026-04-23,IWM,438.76,440.51,430.52,432.25,8040330
2026-04-23,EFA,234.55,235.49,231.54,232.47,13091821
2026-04-23,EEM,610.75,625.13,608.3,622.64,15732955
2026-04-23,TLT,78.06,78.96,77.75,78.64,7116879
2026-04-23,GLD,417.18,418.85,413.51,415.17,10985890
2026-04-23,DBC,218.11,219.54,217.24,218.67,1819536
2026-04-24,SPY,419.96,422.37,418.28,420.69,1316272
2026-04-24,QQQ,354.84,356.26,351.19,352.6,5475633
2026-04-24,IWM,432.25,436.07,430.52,434.33,12800315
2026-04-24,EFA,232.47,233.4,230.86,231.79,4273180
2026-04-24,EEM,622.64,625.48,620.15,622.99,14326947
2026-04-24,TLT,78.64,78.96,77.07,77.38,4027663
2026-04-24,GLD,415.17,416.83,408.84,410.48,14310208
2026-04-24,DBC,218.67,221.22,217.79,220.34,12263114
2026-04-27,SPY,420.69,423.32,419.01,421.64,8872253
2026-04-27,QQQ,352.6,354.01,351.0,352.41,7757123
2026-04-27,IWM,434.33,437.85,432.59,436.1,2270840
2026-04-27,EFA,231.79,232.72,227.84,228.76,5524203
2026-04-27,EEM,622.99,625.48,615.67,618.14,15445057
2026-04-27,TLT,77.38,77.69,77.06,77.37,4518797
2026-04-27,GLD,410.48,412.12,408.56,410.2,11619654
2026-04-27,DBC,220.34,221.22,218.88,219.76,3166165
2026-04-28,SPY,421.64,424.66,419.95,422.97,17352922
2026-04-28,QQQ,352.41,353.82,349.53,350.94,5557037
2026-04-28,IWM,436.1,437.86,434.36,436.12,8513249
2026-04-28,EFA,228.76,229.67,227.76,228.67,19134110
2026-04-28,EEM,618.14,627.87,615.67,625.37,17801670
2026-04-28,TLT,77.37,79.2,77.06,78.89,4770280
2026-04-28,GLD,410.2,411.84,401.59,403.2,3594681
2026-04-28,DBC,219.76,220.64,218.2,219.08,12725313
2026-04-29,SPY,422.97,431.56,421.28,429.84,8514852
2026-04-29,QQQ,350.94,352.34,348.03,349.43,3428947
2026-04-29,IWM,436.12,437.86,434.32,436.06,9880122
2026-04-29,EFA,228.67,230.76,227.76,229.84,10026270
2026-04-29,EEM,625.37,630.09,622.87,627.58,18070860
2026-04-29,TLT,78.89,79.36,78.57,79.04,2605807
2026-04-29,GLD,403.2,404.81,397.62,399.22,13167168
2026-04-29,DBC,219.08,221.55,218.2,220.67,9966010
2026-04-30,SPY,429.84,437.1,428.12,435.36,16224993
2026-04-30,QQQ,349.43,351.18,348.03,349.78,19252590
2026-04-30,IWM,436.06,437.81,433.93,435.67,14769836
2026-04-30,EFA,229.84,232.47,228.92,231.54,10012411
2026-04-30,EEM,627.58,630.09,620.34,622.84,15064311
2026-04-30,TLT,79.04,79.98,78.73,79.66,13850529
2026-04-30,GLD,399.22,404.22,397.62,402.61,13932375
2026-04-30,DBC,220.67,221.55,219.52,220.4,14756392
2026-05-01,SPY,435.36,439.73,433.61,437.97,1176193
2026-05-01,QQQ,349.78,351.18,340.37,341.73,9022578
2026-05-01,IWM,435.67,437.41,427.64,429.36,9545150
2026-05-01,EFA,231.54,232.47,227.69,228.6,13648952
2026-05-01,EEM,622.84,639.06,620.34,636.51,4897863
2026-05-01,TLT,79.66,79.98,79.23,79.55,3912966
2026-05-01,GLD,402.61,407.63,401.0,406.0,2661280
2026-05-01,DBC,220.4,221.28,216.49,217.36,14617038
2026-05-04,SPY,437.97,439.73,435.17,436.92,15845367
2026-05-04,QQQ,341.73,343.1,337.08,338.44,19419646
2026-05-04,IWM,429.36,431.08,425.93,427.64,1031282
2026-05-04,EFA,228.6,229.52,225.73,226.63,16887021
2026-05-04,EEM,636.51,639.06,633.92,636.46,18117097
2026-05-04,TLT,79.55,79.87,77.01,77.32,12487629
2026-05-04,GLD,406.0,407.63,394.52,396.11,8866318
2026-05-04,DBC,217.36,218.23,212.85,213.7,13711615
2026-05-05,SPY,436.92,438.67,434.42,436.16,18658323
2026-05-05,QQQ,338.44,340.86,337.08,339.5,9939220
2026-05-05,IWM,427.64,429.35,422.06,423.76,11809113
2026-05-05,EFA,226.63,227.54,223.74,224.64,3415755
2026-05-05,EEM,636.46,639.01,628.0,630.52,8491493
2026-05-05,TLT,77.32,77.63,76.01,76.32,9889592
2026-05-05,GLD,396.11,397.69,393.88,395.46,12669481
2026-05-05,DBC,213.7,218.7,212.85,217.83,18516866
2026-05-06,SPY,436.16,437.91,430.52,432.25,5767734
2026-05-06,QQQ,339.5,340.86,335.41,336.76,3209562
2026-05-06,IWM,423.76,429.76,422.06,428.04,18580230
2026-05-06,EFA,224.64,225.54,222.63,223.52,7873338
2026-05-06,EEM,630.52,633.05,615.5,617.97,9007503
2026-05-06,TLT,76.32,76.62,75.68,75.98,6783181
2026-05-06,GLD,395.46,399.95,393.88,398.36,6963077
2026-05-06,DBC,217.83,221.39,216.96,220.5,2451536
2026-05-07,SPY,432.25,433.98,429.09,430.82,15363361
2026-05-07,QQQ,336.76,341.37,335.41,340.01,5128336
2026-05-07,IWM,428.04,429.76,421.83,423.52,13587840
2026-05-07,EFA,223.52,225.99,222.63,225.09,4449494
2026-05-07,EEM,617.97,620.44,608.98,611.43,18535068
2026-05-07,TLT,75.98,77.54,75.68,77.23,18493694
2026-05-07,GLD,398.36,399.95,394.95,396.53,10227926
2026-05-07,DBC,220.5,224.52,219.62,223.63,14272397
2026-05-08,SPY,430.82,432.54,428.17,429.89,4751332
2026-05-08,QQQ,340.01,345.46,338.65,344.08,16076495
2026-05-08,IWM,423.52,425.22,418.24,419.92,6855698
2026-05-08,EFA,225.09,225.99,221.77,222.66,18358973
2026-05-08,EEM,611.43,620.4,608.98,617.93,13311974
2026-05-08,TLT,77.23,78.95,76.93,78.64,17400609
2026-05-08,GLD,396.53,398.12,392.24,393.82,13441103
2026-05-08,DBC,223.63,224.52,222.61,223.51,18561929
2026-05-11,SPY,429.89,431.61,426.36,428.07,1596152
2026-05-11,QQQ,344.08,348.7,342.71,347.31,19662989
2026-05-11,IWM,419.92,423.3,418.24,421.61,2937253
2026-05-11,EFA,222.66,225.91,221.77,225.01,6987099
2026-05-11,EEM,617.93,620.4,612.69,615.15,11872102
2026-05-11,TLT,78.64,80.34,78.33,80.02,9577226
2026-05-11,GLD,393.82,395.62,392.24,394.04,4064482
2026-05-11,DBC,223.51,228.69,222.61,227.78,18622007
2026-05-12,SPY,428.07,429.78,421.84,423.53,7767356
2026-05-12,QQQ,347.31,348.7,339.99,341.35,5305049
2026-05-12,IWM,421.61,423.3,414.59,416.25,13469462
2026-05-12,EFA,225.01,227.48,224.11,226.57,2473044
2026-05-12,EEM,615.15,617.61,611.59,614.05,2400981
2026-05-12,TLT,80.02,80.34,78.61,78.93,10906833
2026-05-12,GLD,394.04,399.22,392.47,397.63,9616496
2026-05-12,DBC,227.78,228.69,226.52,227.43,12822988
2026-05-13,SPY,423.53,425.77,421.84,424.07,5344421
2026-05-13,QQQ,341.35,350.38,339.99,348.99,7429362
2026-05-13,IWM,416.25,425.17,414.59,423.47,13494192
2026-05-13,EFA,226.57,227.48,225.06,225.97,3125882
2026-05-13,EEM,614.05,616.5,608.73,611.17,3374977
2026-05-13,TLT,78.93,79.24,77.75,78.06,3682310
2026-05-13,GLD,397.63,399.23,396.04,397.64,18643425
2026-05-13,DBC,227.43,228.34,224.46,225.36,14915431
2026-05-14,SPY,424.07,425.77,414.95,416.62,1858635
2026-05-14,QQQ,348.99,350.51,347.59,349.11,4617457
2026-05-14,IWM,423.47,425.17,418.7,420.38,16508125
2026-05-14,EFA,225.97,226.87,223.8,224.7,15633769
2026-05-14,EEM,611.17,613.62,602.28,604.7,3184234
2026-05-14,TLT,78.06,79.05,77.75,78.73,15758502
2026-05-14,GLD,397.64,399.23,394.4,395.98,1319132
2026-05-14,DBC,225.36,227.07,224.46,226.17,8798575
2026-05-15,SPY,416.62,418.28,414.79,416.45,2361906
2026-05-15,QQQ,349.11,350.51,343.65,345.03,10864374
2026-05-15,IWM,420.38,422.06,413.22,414.88,16431496
2026-05-15,EFA,224.7,225.6,222.63,223.52,4963422
2026-05-15,EEM,604.7,618.84,602.28,616.37,1519184
2026-05-15,TLT,78.73,80.28,78.42,79.96,4412702
2026-05-15,GLD,395.98,397.56,387.45,389.01,8235549
2026-05-15,DBC,226.17,227.25,225.26,226.34,19938583
2026-05-18,SPY,416.45,418.12,408.73,410.37,7705389
2026-05-18,QQQ,345.03,348.46,343.65,347.07,12260492
2026-05-18,IWM,414.88,416.54,412.3,413.96,15023202
2026-05-18,EFA,223.52,224.42,222.63,223.53,5704996
2026-05-18,EEM,616.37,632.26,613.91,629.74,5882991
2026-05-18,TLT,79.96,80.28,79.63,79.94,11753809
2026-05-18,GLD,389.01,390.57,385.21,386.76,1202208
2026-05-18,DBC,226.34,229.67,225.44,228.76,7246025
2026-05-19,SPY,410.37,414.8,408.73,413.15,9802776
2026-05-19,QQQ,347.07,348.46,345.41,346.79,3906300
2026-05-19,IWM,413.96,415.61,411.52,413.18,11025268
2026-05-19,EFA,223.53,225.75,222.64,224.85,19645987
2026-05-19,EEM,629.74,632.26,615.86,618.33,2716278
2026-05-19,TLT,79.94,81.79,79.63,81.47,11296071
2026-05-19,GLD,386.76,388.31,382.77,384.31,15633221
2026-05-19,DBC,228.76,234.06,227.84,233.13,19105894
2026-05-20,SPY,413.15,414.8,411.44,413.1,2748428
2026-05-20,QQQ,346.79,350.81,345.41,349.42,7962753
2026-05-20,IWM,413.18,414.83,408.48,410.12,16576791
2026-05-20,EFA,224.85,225.75,223.46,224.35,17407682
2026-05-20,EEM,618.33,620.81,615.17,617.65,12467400
2026-05-20,TLT,81.47,81.79,80.53,80.85,7719813
2026-05-20,GLD,384.31,385.84,377.5,379.01,2716658
2026-05-20,DBC,233.13,235.13,232.2,234.19,11545037
2026-05-21,SPY,413.1,416.09,411.44,414.43,19955932
2026-05-21,QQQ,349.42,350.84,348.02,349.44,11856669
2026-05-21,IWM,410.12,414.46,408.48,412.81,15734001
2026-05-21,EFA,224.35,225.49,223.46,224.59,10782267
2026-05-21,EEM,617.65,621.88,615.17,619.41,16254406
2026-05-21,TLT,80.85,81.97,80.53,81.64,14623256
2026-05-21,GLD,379.01,383.83,377.5,382.3,7818714
2026-05-21,DBC,234.19,235.13,232.37,233.3,2936640
2026-05-22,SPY,414.43,419.05,412.77,417.38,5176299
2026-05-22,QQQ,349.44,358.05,348.04,356.63,2642927
2026-05-22,IWM,412.81,419.51,411.15,417.84,17681558
2026-05-22,EFA,224.59,228.52,223.69,227.61,7045355
2026-05-22,EEM,619.41,633.56,616.93,631.03,6507119
2026-05-22,TLT,81.64,82.15,81.31,81.82,17717387
2026-05-22,GLD,382.3,384.72,380.77,383.19,10894954
2026-05-22,DBC,233.3,237.96,232.37,237.01,8080874
2026-05-25,SPY,417.38,419.05,413.78,415.44,7942666
2026-05-25,QQQ,356.63,358.05,354.63,356.06,18321869
2026-05-25,IWM,417.84,421.08,416.17,419.4,4071301
2026-05-25,EFA,227.61,228.98,226.7,228.07,2688149
2026-05-25,EEM,631.03,633.56,619.83,622.32,9643280
2026-05-25,TLT,81.82,83.07,81.5,82.74,15844696
2026-05-25,GLD,383.19,384.72,380.76,382.29,2901351
2026-05-25,DBC,237.01,237.96,234.93,235.87,5475955
2026-05-26,SPY,415.44,423.56,413.78,421.87,10852759
2026-05-26,QQQ,356.06,359.45,354.63,358.02,8807028
2026-05-26,IWM,419.4,425.92,417.73,424.23,19809770
2026-05-26,EFA,228.07,228.98,224.6,225.5,6167006
2026-05-26,EEM,622.32,624.81,618.12,620.6,19412347
2026-05-26,TLT,82.74,83.96,82.41,83.63,8200117
2026-05-26,GLD,382.29,387.29,380.76,385.75,8744924
2026-05-26,DBC,235.87,240.33,234.93,239.37,14136599
2026-05-27,SPY,421.87,426.71,420.19,425.01,6233948
2026-05-27,QQQ,358.02,359.45,355.94,357.37,10766364
2026-05-27,IWM,424.23,426.96,422.53,425.26,4140371
2026-05-27,EFA,225.5,228.8,224.6,227.89,7649014
2026-05-27,EEM,620.6,623.08,607.41,609.85,15423657
2026-05-27,TLT,83.63,84.42,83.3,84.08,12179720
2026-05-27,GLD,385.75,387.29,383.35,384.89,12805009
2026-05-27,DBC,239.37,240.33,237.48,238.43,5097909
2026-05-28,SPY,425.01,426.71,422.04,423.73,18592330
2026-05-28,QQQ,357.37,358.8,353.55,354.97,18660888
2026-05-28,IWM,425.26,431.06,423.56,429.34,1596328
2026-05-28,EFA,227.89,229.76,226.98,228.85,17661467
2026-05-28,EEM,609.85,624.53,607.41,622.04,7727990
2026-05-28,TLT,84.08,84.42,82.05,82.38,17265277
2026-05-28,GLD,384.89,386.43,382.69,384.22,19143431
2026-05-28,DBC,238.43,241.45,237.48,240.49,3967351
2026-05-29,SPY,423.73,426.68,422.04,424.98,8622840
2026-05-29,QQQ,354.97,360.75,353.55,359.32,11061770
2026-05-29,IWM,429.34,436.25,427.62,434.51,1044040
2026-05-29,EFA,228.85,230.24,227.93,229.33,12552742
2026-05-29,EEM,622.04,626.22,619.55,623.72,11067141
2026-05-29,TLT,82.38,83.38,82.05,83.05,2679590
2026-05-29,GLD,384.22,387.16,382.69,385.62,17141054
2026-05-29,DBC,240.49,243.49,239.52,242.52,9301245
2026-06-01,SPY,424.98,426.68,421.73,423.42,4679183
2026-06-01,QQQ,359.32,364.17,357.88,362.72,11007015
2026-06-01,IWM,434.51,438.7,432.77,436.96,16266687
2026-06-01,EFA,229.33,230.24,225.39,226.29,4210107
2026-06-01,EEM,623.72,626.44,621.23,623.94,6414703
2026-06-01,TLT,83.05,83.38,82.14,82.47,14195724
2026-06-01,GLD,385.62,387.16,383.08,384.62,18225662
2026-06-01,DBC,242.52,243.74,241.55,242.77,4262389
2026-06-02,SPY,423.42,425.12,417.19,418.86,14936028
2026-06-02,QQQ,362.72,367.48,361.26,366.01,12840384
2026-06-02,IWM,436.96,444.4,435.21,442.63,6499046
2026-06-02,EFA,226.29,228.61,225.39,227.7,13060709
2026-06-02,EEM,623.94,635.01,621.45,632.48,12127685
2026-06-02,TLT,82.47,85.38,82.14,85.04,1166151
2026-06-02,GLD,384.62,389.92,383.08,388.37,17114419
2026-06-02,DBC,242.77,243.74,237.91,238.86,11179861
2026-06-03,SPY,418.86,421.51,417.19,419.83,9010102
2026-06-03,QQQ,366.01,368.93,364.55,367.46,4928248
2026-06-03,IWM,442.63,446.41,440.86,444.64,19154460
2026-06-03,EFA,227.7,229.85,226.79,228.93,4945417
2026-06-03,EEM,632.48,635.01,627.81,630.33,18967311
2026-06-03,TLT,85.04,86.24,84.7,85.89,2411408
2026-06-03,GLD,388.37,389.92,383.39,384.93,7634150
2026-06-03,DBC,238.86,239.82,237.91,238.86,10512137
2026-06-04,SPY,419.83,421.51,416.28,417.95,5265216
2026-06-04,QQQ,367.46,370.5,365.99,369.02,9049184
2026-06-04,IWM,444.64,446.41,442.45,444.23,9041199
2026-06-04,EFA,228.93,229.85,225.53,226.44,4187484
2026-06-04,EEM,630.33,650.59,627.81,648.0,17388020
2026-06-04,TLT,85.89,86.54,85.55,86.19,8077850
2026-06-04,GLD,384.93,386.47,382.34,383.88,6747118
2026-06-04,DBC,238.86,239.82,236.45,237.4,6155874
2026-06-05,SPY,417.95,426.42,416.28,424.72,15227173
2026-06-05,QQQ,369.02,370.5,355.13,356.55,14195866
2026-06-05,IWM,444.23,446.01,441.44,443.21,5051771
2026-06-05,EFA,226.44,227.34,224.8,225.7,3829512
2026-06-05,EEM,648.0,650.59,643.05,645.63,9172506
2026-06-05,TLT,86.19,86.54,85.11,85.46,18211578
2026-06-05,GLD,383.88,385.42,381.93,383.46,9246010
2026-06-05,DBC,237.4,238.35,235.75,236.7,3451259
2026-06-08,SPY,424.72,426.42,415.01,416.68,2383201
2026-06-08,QQQ,356.55,357.98,348.35,349.75,8210840
2026-06-08,IWM,443.21,444.99,437.47,439.23,11187339
2026-06-08,EFA,225.7,226.61,222.71,223.6,12478029
2026-06-08,EEM,645.63,659.37,643.05,656.75,7133875
2026-06-08,TLT,85.46,86.89,85.11,86.54,1361240
2026-06-08,GLD,383.46,384.99,378.55,380.07,14660174
2026-06-08,DBC,236.7,242.7,235.75,241.73,2081768
2026-06-09,SPY,416.68,420.61,415.01,418.94,18159707
2026-06-09,QQQ,349.75,352.68,348.35,351.28,6608131
2026-06-09,IWM,439.23,443.29,437.47,441.53,5710064
2026-06-09,EFA,223.6,225.9,222.71,225.0,7836330
2026-06-09,EEM,656.75,661.37,654.12,658.74,12108547
2026-06-09,TLT,86.54,87.75,86.19,87.4,3244389
2026-06-09,GLD,380.07,387.6,378.55,386.06,17096976
2026-06-09,DBC,241.73,242.73,240.77,241.76,2265970
2026-06-10,SPY,418.94,420.61,411.33,412.99,3316530
2026-06-10,QQQ,351.28,352.74,349.87,351.34,3101903
2026-06-10,IWM,441.53,445.25,439.76,443.48,13267899
2026-06-10,EFA,225.0,228.47,224.1,227.56,14802734
2026-06-10,EEM,658.74,671.78,656.1,669.1,12717190
2026-06-10,TLT,87.4,88.9,87.06,88.54,6443445
2026-06-10,GLD,386.06,388.82,384.51,387.27,17650559
2026-06-10,DBC,241.76,242.73,238.31,239.27,5527880
2026-06-11,SPY,412.99,414.64,411.08,412.73,11165869
2026-06-11,QQQ,351.34,358.96,349.93,357.53,2770893
2026-06-11,IWM,443.48,445.31,441.71,443.54,6527235
2026-06-11,EFA,227.56,228.47,222.88,223.78,15606945
2026-06-11,EEM,669.1,671.78,658.6,661.24,18211708
2026-06-11,TLT,88.54,90.14,88.19,89.78,11031812
2026-06-11,GLD,387.27,388.82,385.54,387.09,4886884
2026-06-11,DBC,239.27,240.23,235.3,236.25,3282773
2026-06-12,SPY,412.73,420.41,411.08,418.73,9455864
2026-06-12,QQQ,357.53,358.96,354.63,356.05,8787542
2026-06-12,IWM,443.54,445.91,441.76,444.14,19844362
2026-06-12,EFA,223.78,227.23,222.88,226.32,8940385
2026-06-12,EEM,661.24,671.34,658.6,668.67,2684524
2026-06-12,TLT,89.78,90.14,88.26,88.61,14153777
2026-06-12,GLD,387.09,388.64,383.63,385.18,12497396
2026-06-12,DBC,236.25,237.19,233.43,234.37,13717770
2026-06-15,SPY,418.73,420.41,415.88,417.55,12394798
2026-06-15,QQQ,356.05,358.39,354.63,356.96,15314042
2026-06-15,IWM,444.14,446.3,442.36,444.52,17409895
2026-06-15,EFA,226.32,227.23,225.18,226.08,1548734
2026-06-15,EEM,668.67,686.78,665.99,684.05,16951233
2026-06-15,TLT,88.61,88.97,87.48,87.83,15047804
2026-06-15,GLD,385.18,386.72,381.06,382.59,5893250
2026-06-15,DBC,234.37,236.44,233.43,235.5,12254736
2026-06-16,SPY,417.55,419.22,414.55,416.21,14216111
2026-06-16,QQQ,356.96,358.39,355.0,356.43,16634314
2026-06-16,IWM,444.52,446.3,440.72,442.49,3951992
2026-06-16,EFA,226.08,226.98,224.0,224.9,10093577
2026-06-16,EEM,684.05,693.44,681.31,690.68,14671568
2026-06-16,TLT,87.83,90.73,87.48,90.37,19058237
2026-06-16,GLD,382.59,384.62,381.06,383.09,2393236
2026-06-16,DBC,235.5,236.44,233.56,234.5,13604619
2026-06-17,SPY,416.21,418.91,414.55,417.24,10109377
2026-06-17,QQQ,356.43,357.85,352.62,354.04,12162256
2026-06-17,IWM,442.49,448.04,440.72,446.26,8522915
2026-06-17,EFA,224.9,225.8,223.45,224.35,12796053
2026-06-17,EEM,690.68,702.16,687.91,699.36,14232362
2026-06-17,TLT,90.37,90.73,88.88,89.23,11353835
2026-06-17,GLD,383.09,384.62,372.97,374.47,18003837
2026-06-17,DBC,234.5,235.55,233.56,234.61,7356807
2026-06-18,SPY,417.24,424.67,415.57,422.98,14117637
2026-06-18,QQQ,354.04,355.46,344.35,345.73,18689672
2026-06-18,IWM,446.26,455.9,444.47,454.09,4480989
2026-06-18,EFA,224.35,225.4,223.45,224.5,9250144
2026-06-18,EEM,699.36,702.16,683.15,685.89,9415858
2026-06-18,TLT,89.23,90.28,88.88,89.92,12821358
2026-06-18,GLD,374.47,375.96,368.55,370.03,18242512
2026-06-18,DBC,234.61,235.55,227.93,228.85,13639545
2026-06-19,SPY,422.98,428.64,421.29,426.93,9500721
2026-06-19,QQQ,345.73,352.09,344.35,350.69,14959570
2026-06-19,IWM,454.09,461.07,452.27,459.24,15901425
2026-06-19,EFA,224.5,226.6,223.61,225.7,9937032
2026-06-19,EEM,685.89,696.17,683.15,693.4,13611875
2026-06-19,TLT,89.92,90.28,89.25,89.61,18521497
2026-06-19,GLD,370.03,371.82,368.55,370.34,17714019
2026-06-19,DBC,228.85,229.76,227.3,228.21,17553765
2026-06-22,SPY,426.93,428.64,419.0,420.68,2911915
2026-06-22,QQQ,350.69,360.47,349.28,359.04,4994795
2026-06-22,IWM,459.24,461.07,453.72,455.54,18196142
2026-06-22,EFA,225.7,226.6,223.98,224.88,6110047
2026-06-22,EEM,693.4,696.17,689.2,691.97,2178002
2026-06-22,TLT,89.61,89.97,87.14,87.49,11911755
2026-06-22,GLD,370.34,371.82,368.35,369.83,10108553
2026-06-22,DBC,228.21,229.25,227.3,228.33,5849496
2026-06-23,SPY,420.68,425.42,419.0,423.72,18045410
2026-06-23,QQQ,359.04,369.06,357.6,367.59,2566064
2026-06-23,IWM,455.54,460.08,453.72,458.25,10424484
2026-06-23,EFA,224.88,225.78,223.9,224.8,9111397
2026-06-23,EEM,691.97,694.74,687.0,689.76,15116438
2026-06-23,TLT,87.49,89.43,87.14,89.07,19394849
2026-06-23,GLD,369.83,376.01,368.35,374.51,13766993
2026-06-23,DBC,228.33,229.25,227.07,227.98,17542089
2026-06-24,SPY,423.72,430.91,422.03,429.19,10310703
2026-06-24,QQQ,367.59,369.06,364.55,366.01,11878417
2026-06-24,IWM,458.25,463.09,456.41,461.25,2621489
2026-06-24,EFA,224.8,227.84,223.9,226.93,18864077
2026-06-24,EEM,689.76,692.52,684.86,687.61,18313852
2026-06-24,TLT,89.07,90.04,88.72,89.68,3068510
2026-06-24,GLD,374.51,378.81,373.01,377.3,6726983
2026-06-24,DBC,227.98,232.14,227.07,231.21,11468039
2026-06-25,SPY,429.19,434.96,427.47,433.22,13850352
2026-06-25,QQQ,366.01,367.47,361.45,362.9,13083275
2026-06-25,IWM,461.25,465.88,459.4,464.02,11381858
2026-06-25,EFA,226.93,227.84,225.66,226.56,16929428
2026-06-25,EEM,687.61,692.93,684.86,690.17,15706786
2026-06-25,TLT,89.68,91.16,89.32,90.79,14525018
2026-06-25,GLD,377.3,380.75,375.79,379.23,14219474
2026-06-25,DBC,231.21,233.35,230.29,232.42,11724868
2026-06-26,SPY,433.22,434.96,424.66,426.37,9953954
2026-06-26,QQQ,362.9,371.45,361.45,369.97,4773816
2026-06-26,IWM,464.02,468.67,462.17,466.81,16107499
2026-06-26,EFA,226.56,231.61,225.66,230.68,17819345
2026-06-26,EEM,690.17,699.12,687.4,696.34,11561471
2026-06-26,TLT,90.79,91.16,88.85,89.21,2474617
2026-06-26,GLD,379.23,383.97,377.72,382.44,16777938
2026-06-26,DBC,232.42,236.6,231.49,235.66,19748367
2026-06-29,SPY,426.37,430.24,424.66,428.53,3565654
2026-06-29,QQQ,369.97,371.45,364.9,366.36,10240534
2026-06-29,IWM,466.81,468.67,460.35,462.19,14272125
2026-06-29,EFA,230.68,233.57,229.76,232.64,18761814
2026-06-29,EEM,696.34,705.28,693.55,702.47,5063308
2026-06-29,TLT,89.21,89.57,86.55,86.9,9714980
2026-06-29,GLD,382.44,383.97,380.29,381.82,18857561
2026-06-29,DBC,235.66,236.81,234.72,235.87,11253779
2026-06-30,SPY,428.53,430.24,421.8,423.5,9909431
2026-06-30,QQQ,366.36,375.81,364.9,374.32,9166341
2026-06-30,IWM,462.19,470.5,460.35,468.62,4234786
2026-06-30,EFA,232.64,233.57,228.95,229.87,14849053
2026-06-30,EEM,702.47,712.05,699.66,709.22,11299444
2026-06-30,TLT,86.9,87.24,84.86,85.2,6567378
2026-06-30,GLD,381.82,383.35,374.73,376.23,4953752
2026-06-30,DBC,235.87,236.81,230.32,231.25,14550406
2026-07-01,SPY,423.5,425.19,415.35,417.02,12467046
2026-07-01,QQQ,374.32,382.1,372.82,380.58,14421020
2026-07-01,IWM,468.62,470.5,461.43,463.29,12734701
2026-07-01,EFA,229.87,233.01,228.95,232.08,7232255
2026-07-01,EEM,709.22,712.05,705.65,708.48,18488360
2026-07-01,TLT,85.2,85.54,84.21,84.55,14879449
2026-07-01,GLD,376.23,377.74,371.11,372.6,5481693
2026-07-01,DBC,231.25,232.17,226.21,227.12,8148873
2026-07-02,SPY,417.02,418.69,414.73,416.39,14864879
2026-07-02,QQQ,380.58,383.42,379.06,381.89,3241076
2026-07-02,IWM,463.29,465.14,454.07,455.89,8903514
2026-07-02,EFA,232.08,233.01,231.03,231.96,15514087
2026-07-02,EEM,708.48,711.31,697.38,700.18,10187629
2026-07-02,TLT,84.55,85.83,84.21,85.48,5444573
2026-07-02,GLD,372.6,376.91,371.11,375.41,9009761
2026-07-02,DBC,227.12,230.84,226.21,229.92,17796369
2026-07-03,SPY,416.39,420.11,414.73,418.44,2123121
2026-07-03,QQQ,381.89,385.9,380.36,384.36,13782371
2026-07-03,IWM,455.89,459.52,454.07,457.69,13896003
2026-07-03,EFA,231.96,232.89,230.23,231.16,10230064
2026-07-03,EEM,700.18,702.98,694.48,697.27,18081520
2026-07-03,TLT,85.48,85.83,83.11,83.44,10161306
2026-07-03,GLD,375.41,376.91,368.16,369.64,11376776
2026-07-03,DBC,229.92,230.84,226.08,226.99,4148749
2026-07-06,SPY,418.44,420.11,413.97,415.63,3639667
2026-07-06,QQQ,384.36,390.29,382.82,388.74,13070062
2026-07-06,IWM,457.69,464.54,455.86,462.68,5088217
2026-07-06,EFA,231.16,232.37,230.23,231.45,11909956
2026-07-06,EEM,697.27,702.12,694.48,699.32,5656069
2026-07-06,TLT,83.44,85.13,83.11,84.79,15994547
2026-07-06,GLD,369.64,371.12,367.87,369.35,15955257
2026-07-06,DBC,226.99,228.76,226.08,227.85,19619745
2026-07-07,SPY,415.63,417.29,413.29,414.95,19047683
2026-07-07,QQQ,388.74,390.29,386.48,388.03,16689497
2026-07-07,IWM,462.68,467.02,460.83,465.16,12411901
2026-07-07,EFA,231.45,233.23,230.52,232.3,12107735
2026-07-07,EEM,699.32,702.12,691.23,694.01,19676445
2026-07-07,TLT,84.79,85.13,84.29,84.63,8012304
2026-07-07,GLD,369.35,370.82,365.99,367.46,19021060
2026-07-07,DBC,227.85,234.86,226.94,233.93,2023094
2026-07-08,SPY,414.95,417.02,413.29,415.36,17933891
2026-07-08,QQQ,388.03,392.25,386.48,390.68,9994536
2026-07-08,IWM,465.16,467.02,462.32,464.18,10184972
2026-07-08,EFA,232.3,233.5,231.37,232.57,4003781
2026-07-08,EEM,694.01,696.78,684.72,687.47,18182772
2026-07-08,TLT,84.63,84.97,83.68,84.01,14724703
2026-07-08,GLD,367.46,369.81,365.99,368.34,2836260
2026-07-08,DBC,233.93,239.58,232.99,238.62,13460396
2026-07-09,SPY,415.36,420.08,413.7,418.41,9447478
2026-07-09,QQQ,390.68,392.25,388.1,389.66,3395180
2026-07-09,IWM,464.18,466.04,459.37,461.22,15472991
2026-07-09,EFA,232.57,233.5,229.53,230.45,16232675
2026-07-09,EEM,687.47,706.63,684.72,703.82,16255633
2026-07-09,TLT,84.01,84.35,83.21,83.54,7400055
2026-07-09,GLD,368.34,369.81,365.59,367.06,14518321
2026-07-09,DBC,238.62,240.95,237.67,239.99,6555548
2026-07-10,SPY,418.41,420.08,416.32,418.0,18321107
2026-07-10,QQQ,389.66,394.05,388.1,392.48,1554660
2026-07-10,IWM,461.22,463.06,457.25,459.09,7601247
2026-07-10,EFA,230.45,231.81,229.53,230.89,9912292
2026-07-10,EEM,703.82,711.05,701.0,708.22,10939839
2026-07-10,TLT,83.54,85.88,83.21,85.54,1768864
2026-07-10,GLD,367.06,373.09,365.59,371.6,1529357
2026-07-10,DBC,239.99,240.95,237.33,238.29,3104850
2026-07-13,SPY,418.0,419.67,414.2,415.86,19043431
2026-07-13,QQQ,392.48,397.74,390.91,396.16,9851368
2026-07-13,IWM,459.09,460.93,452.43,454.25,19970890
2026-07-13,EFA,230.89,231.81,228.9,229.82,11592409
2026-07-13,EEM,708.22,718.33,705.39,715.47,2484500
2026-07-13,TLT,85.54,85.88,85.15,85.49,6877819
2026-07-13,GLD,371.6,373.09,368.75,370.23,1985987
2026-07-13,DBC,238.29,239.24,235.18,236.12,16269152
2026-07-14,SPY,415.86,418.02,414.2,416.36,6163206
2026-07-14,QQQ,396.16,397.74,390.43,391.99,13209678
2026-07-14,IWM,454.25,457.12,452.43,455.29,3776321
2026-07-14,EFA,229.82,230.74,226.63,227.54,12329249
2026-07-14,EEM,715.47,721.25,712.6,718.37,5305460
2026-07-14,TLT,85.49,85.84,83.82,84.16,4652929
2026-07-14,GLD,370.23,371.71,366.16,367.63,14049540
2026-07-14,DBC,236.12,237.07,234.96,235.91,8022577
2026-07-15,SPY,416.36,418.02,411.7,413.35,7478867
2026-07-15,QQQ,391.99,398.78,390.43,397.19,10338569
2026-07-15,IWM,455.29,467.87,453.47,466.01,15654810
2026-07-15,EFA,227.54,228.45,224.7,225.6,13889989
2026-07-15,EEM,718.37,730.93,715.5,728.02,15652519
2026-07-15,TLT,84.16,86.77,83.82,86.42,5490578
2026-07-15,GLD,367.63,370.03,366.16,368.56,18826318
2026-07-15,DBC,235.91,237.81,234.96,236.86,13714012
2026-07-16,SPY,413.35,421.32,411.7,419.64,3887193
2026-07-16,QQQ,397.19,400.16,395.6,398.57,16559591
2026-07-16,IWM,466.01,468.69,464.15,466.82,18924203
2026-07-16,EFA,225.6,226.51,223.34,224.24,3381709
2026-07-16,EEM,728.02,736.05,725.11,733.12,19776529
2026-07-16,TLT,86.42,86.77,85.21,85.55,16494204
2026-07-16,GLD,368.56,370.03,362.31,363.77,7902825
2026-07-16,DBC,236.86,238.23,235.91,237.28,1246178
2026-07-17,SPY,419.64,421.68,417.96,420.0,13838289
2026-07-17,QQQ,398.57,410.19,396.97,408.56,4490269
2026-07-17,IWM,466.82,475.75,464.95,473.86,7707706
2026-07-17,EFA,224.24,227.41,223.34,226.5,15765187
2026-07-17,EEM,733.12,736.05,719.96,722.85,15751514
2026-07-17,TLT,85.55,86.36,85.21,86.02,3266866
2026-07-17,GLD,363.77,365.22,357.54,358.97,16792684
2026-07-17,DBC,237.28,238.23,234.86,235.8,6669820
2026-07-20,SPY,420.0,421.68,414.19,415.85,9045989
2026-07-20,QQQ,408.56,414.27,406.92,412.62,16756001
2026-07-20,IWM,473.86,475.75,470.64,472.53,5757213
2026-07-20,EFA,226.5,227.41,223.46,224.36,4972552
2026-07-20,EEM,722.85,735.55,719.96,732.62,3105261
2026-07-20,TLT,86.02,86.36,84.78,85.12,9006121
2026-07-20,GLD,358.97,362.4,357.54,360.96,1164411
2026-07-20,DBC,235.8,236.75,230.42,231.34,14163549
2026-07-21,SPY,415.85,417.51,409.07,410.71,8522163
2026-07-21,QQQ,412.62,414.27,407.77,409.41,2284820
2026-07-21,IWM,472.53,475.14,470.64,473.24,7715342
2026-07-21,EFA,224.36,229.52,223.46,228.61,1031725
2026-07-21,EEM,732.62,738.46,729.69,735.52,9068190
2026-07-21,TLT,85.12,85.57,84.78,85.23,8368206
2026-07-21,GLD,360.96,362.45,359.51,361.0,19662501
2026-07-21,DBC,231.34,232.27,229.84,230.76,14882777
2026-07-22,SPY,410.71,412.35,408.96,410.6,1611433
2026-07-22,QQQ,409.41,413.7,407.77,412.06,17067430
2026-07-22,IWM,473.24,475.53,471.35,473.63,4240527
2026-07-22,EFA,228.61,229.52,226.7,227.61,7272581
2026-07-22,EEM,735.52,745.25,732.58,742.28,18184113
2026-07-22,TLT,85.23,86.79,84.89,86.45,11847242
2026-07-22,GLD,361.0,366.87,359.56,365.41,13805060
2026-07-22,DBC,230.76,234.26,229.84,233.32,1075916
2026-07-23,SPY,410.6,413.05,408.96,411.4,3872884
2026-07-23,QQQ,412.06,414.15,410.41,412.5,17860268
2026-07-23,IWM,473.63,475.53,466.91,468.79,19035364
2026-07-23,EFA,227.61,228.52,225.61,226.52,3604546
2026-07-23,EEM,742.28,745.25,736.27,739.22,10763169
2026-07-23,TLT,86.45,86.79,84.35,84.69,16337111
2026-07-23,GLD,365.41,366.87,363.51,364.97,7997230
2026-07-23,DBC,233.32,234.52,232.39,233.59,1807716
2026-07-24,SPY,411.4,414.66,409.75,413.01,16367458
2026-07-24,QQQ,412.5,419.33,410.85,417.66,8004762
2026-07-24,IWM,468.79,475.19,466.91,473.3,7950300
2026-07-24,EFA,226.52,229.37,225.61,228.45,15396456
2026-07-24,EEM,739.22,754.2,736.27,751.2,3897517
2026-07-24,TLT,84.69,85.03,84.19,84.53,19324610
2026-07-24,GLD,364.97,366.43,358.56,360.0,3947477
2026-07-24,DBC,233.59,234.52,232.33,233.26,9017190
2026-07-27,SPY,413.01,418.65,411.36,416.98,4402974
2026-07-27,QQQ,417.66,419.33,408.49,410.13,4012624
2026-07-27,IWM,473.3,475.19,469.4,471.29,10922701
2026-07-27,EFA,228.45,230.56,227.54,229.64,5960116
2026-07-27,EEM,751.2,754.2,737.45,740.41,12235830
2026-07-27,TLT,84.53,84.94,84.19,84.61,7443386
2026-07-27,GLD,360.0,362.61,358.56,361.16,4814116
2026-07-27,DBC,233.26,234.33,232.33,233.4,8176692
2026-07-28,SPY,416.98,418.65,411.61,413.26,14669843
2026-07-28,QQQ,410.13,411.77,407.77,409.41,8074135
2026-07-28,IWM,471.29,479.21,469.4,477.3,3677968
2026-07-28,EFA,229.64,230.56,227.04,227.95,1723691
2026-07-28,EEM,740.41,750.75,737.45,747.76,2027486
2026-07-28,TLT,84.61,84.94,82.63,82.96,5531162
2026-07-28,GLD,361.16,364.54,359.72,363.08,2839299
2026-07-28,DBC,233.4,234.33,230.61,231.54,7033473
2026-07-29,SPY,413.26,414.91,409.57,411.22,9571900
2026-07-29,QQQ,409.41,411.05,405.07,406.7,5500982
2026-07-29,IWM,477.3,479.46,475.39,477.55,12693173
2026-07-29,EFA,227.95,230.49,227.04,229.57,1951381
2026-07-29,EEM,747.76,750.75,743.41,746.39,15860572
2026-07-29,TLT,82.96,83.8,82.63,83.46,6467188
2026-07-29,GLD,363.08,369.19,361.63,367.72,16881774
2026-07-29,DBC,231.54,232.47,230.31,231.24,11937545
2026-07-30,SPY,411.22,412.86,409.23,410.87,14838379
2026-07-30,QQQ,406.7,411.78,405.07,410.14,19046885
2026-07-30,IWM,477.55,482.72,475.64,480.8,12971864
2026-07-30,EFA,229.57,230.62,228.65,229.7,12029611
2026-07-30,EEM,746.39,764.54,743.41,761.49,9012250
2026-07-30,TLT,83.46,83.83,83.13,83.5,12496527
2026-07-30,GLD,367.72,370.21,366.25,368.74,4518317
2026-07-30,DBC,231.24,232.16,227.75,228.67,2187258
2026-07-31,SPY,410.87,413.92,409.23,412.27,12306281
2026-07-31,QQQ,410.14,411.78,404.84,406.46,13318691
2026-07-31,IWM,480.8,484.97,478.87,483.04,16369051
2026-07-31,EFA,229.7,230.95,228.78,230.03,6406086
2026-07-31,EEM,761.49,765.58,758.44,762.53,19065929
2026-07-31,TLT,83.5,84.24,83.17,83.91,9219371
2026-07-31,GLD,368.74,373.26,367.26,371.77,18409000
2026-07-31,DBC,228.67,229.58,226.98,227.89,4007821
2026-08-03,SPY,412.27,413.92,409.24,410.89,1457412
2026-08-03,QQQ,406.46,408.09,402.17,403.79,9730517
2026-08-03,IWM,483.04,484.97,479.54,481.47,6914926
2026-08-03,EFA,230.03,231.31,229.11,230.39,15696574
2026-08-03,EEM,762.53,765.58,755.9,758.94,10539731
2026-08-03,TLT,83.91,84.24,83.1,83.44,14116987
2026-08-03,GLD,371.77,373.26,370.2,371.68,1928670
2026-08-03,DBC,227.89,230.63,226.98,229.71,4079049
2026-08-04,SPY,410.89,412.53,408.45,410.09,9708045
2026-08-04,QQQ,403.79,405.4,399.18,400.78,5765445
2026-08-04,IWM,481.47,483.39,476.78,478.69,14124165
2026-08-04,EFA,230.39,231.31,227.17,228.08,11197199
2026-08-04,EEM,758.94,774.82,755.9,771.73,18974387
2026-08-04,TLT,83.44,84.72,83.1,84.39,1487791
2026-08-04,GLD,371.68,374.24,370.2,372.75,19699854
2026-08-04,DBC,229.71,231.12,228.8,230.2,4787042
2026-08-05,SPY,410.09,411.73,407.66,409.29,18121971
2026-08-05,QQQ,400.78,402.38,392.65,394.22,10175602
2026-08-05,IWM,478.69,484.88,476.78,482.95,4358424
2026-08-05,EFA,228.08,228.99,226.07,226.98,9554320
2026-08-05,EEM,771.73,774.82,766.06,769.13,6812241
2026-08-05,TLT,84.39,85.95,84.05,85.61,15929303
2026-08-05,GLD,372.75,381.07,371.26,379.56,16456249
2026-08-05,DBC,230.2,231.12,229.07,229.99,12487229
2026-08-06,SPY,409.29,410.93,406.69,408.32,14018543
2026-08-06,QQQ,394.22,398.51,392.65,396.93,8591886
2026-08-06,IWM,482.95,487.43,481.02,485.49,12769317
2026-08-06,EFA,226.98,228.67,226.07,227.76,12259006
2026-08-06,EEM,769.13,772.35,766.06,769.27,7373603
2026-08-06,TLT,85.61,86.14,85.26,85.8,3437675
2026-08-06,GLD,379.56,382.62,378.04,381.1,11468023
2026-08-06,DBC,229.99,230.91,228.42,229.34,9826417
2026-08-07,SPY,408.32,410.81,406.69,409.17,4258212
2026-08-07,QQQ,396.93,400.76,395.34,399.17,2920568
2026-08-07,IWM,485.49,487.43,479.41,481.34,8491323
2026-08-07,EFA,227.76,230.56,226.85,229.64,3082200
2026-08-07,EEM,769.27,774.1,766.2,771.02,5364418
2026-08-07,TLT,85.8,86.24,85.45,85.9,12924224
2026-08-07,GLD,381.1,382.62,375.89,377.4,5642586
2026-08-07,DBC,229.34,233.1,228.42,232.17,13394243
2026-08-10,SPY,409.17,411.47,407.53,409.83,13288643
2026-08-10,QQQ,399.17,400.76,394.15,395.73,6577770
2026-08-10,IWM,481.34,483.26,477.75,479.67,9331304
2026-08-10,EFA,229.64,230.56,228.51,229.43,6564145
2026-08-10,EEM,771.02,774.1,766.4,769.48,2009648
2026-08-10,TLT,85.9,87.47,85.55,87.12,8515571
2026-08-10,GLD,377.4,378.91,371.61,373.1,13890950
2026-08-10,DBC,232.17,233.1,227.57,228.48,13259094
2026-08-11,SPY,409.83,411.93,408.19,410.29,9822169
2026-08-11,QQQ,395.73,406.98,394.15,405.36,1252978
2026-08-11,IWM,479.67,487.71,477.75,485.77,13393244
2026-08-11,EFA,229.43,231.21,228.51,230.29,8879021
2026-08-11,EEM,769.48,772.56,764.79,767.86,17355363
2026-08-11,TLT,87.12,88.91,86.77,88.56,4887082
2026-08-11,GLD,373.1,377.8,371.61,376.29,17514044
2026-08-11,DBC,228.48,231.32,227.57,230.4,4145180
2026-08-12,SPY,410.29,411.93,405.48,407.11,6832335
2026-08-12,QQQ,405.36,409.96,403.74,408.33,8742571
2026-08-12,IWM,485.77,487.71,482.83,484.77,7401838
2026-08-12,EFA,230.29,231.47,229.37,230.55,3278525
2026-08-12,EEM,767.86,770.93,764.19,767.26,9022193
2026-08-12,TLT,88.56,90.34,88.21,89.98,12359761
2026-08-12,GLD,376.29,377.8,373.45,374.95,8462668
2026-08-12,DBC,230.4,231.32,229.28,230.2,17239231
2026-08-13,SPY,407.11,408.74,405.37,407.0,13623846
2026-08-13,QQQ,408.33,409.96,400.68,402.29,4692581
2026-08-13,IWM,484.77,491.16,482.83,489.2,2878038
2026-08-13,EFA,230.55,232.19,229.62,231.27,9044250
2026-08-13,EEM,767.26,770.33,754.29,757.32,11612334
2026-08-13,TLT,89.98,90.34,89.43,89.79,8126440
2026-08-13,GLD,374.95,379.45,373.45,377.93,16719526
2026-08-13,DBC,230.2,232.76,229.28,231.83,16466397
2026-08-14,SPY,407.0,409.07,405.37,407.44,16200642
2026-08-14,QQQ,402.29,403.9,398.24,399.84,11664245
2026-08-14,IWM,489.2,494.27,487.25,492.3,13121050
2026-08-14,EFA,231.27,233.08,230.34,232.15,3286594
2026-08-14,EEM,757.32,779.14,754.29,776.04,17159158
2026-08-14,TLT,89.79,92.79,89.43,92.42,9634247
2026-08-14,GLD,377.93,379.54,376.42,378.03,18269077
2026-08-14,DBC,231.83,233.16,230.9,232.23,1821164
2026-08-17,SPY,407.44,409.07,402.69,404.31,2081066
2026-08-17,QQQ,399.84,401.44,392.75,394.33,19023001
2026-08-17,IWM,492.3,494.27,486.36,488.31,5674088
2026-08-17,EFA,232.15,233.08,228.38,229.3,13230195
2026-08-17,EEM,776.04,789.38,772.94,786.24,11804761
2026-08-17,TLT,92.42,94.77,92.05,94.39,2400972
2026-08-17,GLD,378.03,381.47,376.52,379.95,7097771
2026-08-17,DBC,232.23,233.16,229.71,230.63,8613155
2026-08-18,SPY,404.31,409.7,402.69,408.07,3750336
2026-08-18,QQQ,394.33,396.34,392.75,394.76,16078710
2026-08-18,IWM,488.31,490.81,486.36,488.86,15730915
2026-08-18,EFA,229.3,230.68,228.38,229.77,5713884
2026-08-18,EEM,786.24,793.84,783.09,790.67,11536953
2026-08-18,TLT,94.39,94.77,93.04,93.41,7689307
2026-08-18,GLD,379.95,384.6,378.43,383.07,6542624
2026-08-18,DBC,230.63,231.55,228.96,229.88,1423141
2026-08-19,SPY,408.07,409.7,404.02,405.64,3208686
2026-08-19,QQQ,394.76,400.33,393.18,398.73,17007177
2026-08-19,IWM,488.86,490.81,481.52,483.45,17512251
2026-08-19,EFA,229.77,233.45,228.85,232.52,8122627
2026-08-19,EEM,790.67,793.84,783.35,786.49,16785385
2026-08-19,TLT,93.41,93.79,92.41,92.78,7774914
2026-08-19,GLD,383.07,384.6,379.22,380.74,10092576
2026-08-19,DBC,229.88,234.6,228.96,233.67,8592774
2026-08-20,SPY,405.64,412.96,404.02,411.32,2065939
2026-08-20,QQQ,398.73,400.33,395.88,397.47,14655960
2026-08-20,IWM,483.45,487.59,481.52,485.65,1770233
2026-08-20,EFA,232.52,235.28,231.59,234.34,13547581
2026-08-20,EEM,786.49,790.83,783.35,787.68,1005297
2026-08-20,TLT,92.78,93.15,91.44,91.81,6194592
2026-08-20,GLD,380.74,382.26,377.05,378.56,16239074
2026-08-20,DBC,233.67,234.6,231.73,232.66,16940540
2026-08-21,SPY,411.32,412.96,404.79,406.41,5620067
2026-08-21,QQQ,397.47,399.06,393.11,394.69,9760160
2026-08-21,IWM,485.65,488.03,483.71,486.09,14959520
2026-08-21,EFA,234.34,236.25,233.4,235.31,6004616
2026-08-21,EEM,787.68,819.14,784.53,815.88,5538645
2026-08-21,TLT,91.81,92.17,88.92,89.28,11778300
2026-08-21,GLD,378.56,380.85,377.05,379.33,8862145
2026-08-21,DBC,232.66,233.59,231.32,232.25,15188293
2026-08-24,SPY,406.41,410.32,404.79,408.68,16180650
2026-08-24,QQQ,394.69,401.48,393.11,399.88,14721413
2026-08-24,IWM,486.09,488.24,484.14,486.29,8481377
2026-08-24,EFA,235.31,238.88,234.37,237.92,6058772
2026-08-24,EEM,815.88,826.67,812.61,823.37,14681827
2026-08-24,TLT,89.28,89.64,88.66,89.02,4182403
2026-08-24,GLD,379.33,388.0,377.81,386.45,4493141
2026-08-24,DBC,232.25,234.89,231.32,233.95,1587457
2026-08-25,SPY,408.68,411.44,407.05,409.8,6877887
2026-08-25,QQQ,399.88,401.48,397.22,398.82,5642989
2026-08-25,IWM,486.29,488.24,480.21,482.14,11075587
2026-08-25,EFA,237.92,240.04,236.97,239.09,18206804
2026-08-25,EEM,823.37,826.67,811.69,814.95,17763580
2026-08-25,TLT,89.02,89.38,87.98,88.33,18797826
2026-08-25,GLD,386.45,388.0,379.5,381.03,18511971
2026-08-25,DBC,233.95,234.89,231.01,231.94,19733778
2026-08-26,SPY,409.8,411.97,408.16,410.33,9500955
2026-08-26,QQQ,398.82,402.06,397.22,400.46,13817563
2026-08-26,IWM,482.14,487.04,480.21,485.1,9578437
2026-08-26,EFA,239.09,242.91,238.13,241.95,8937518
2026-08-26,EEM,814.95,818.21,792.59,795.77,9638165
2026-08-26,TLT,88.33,90.42,87.98,90.06,3463740
2026-08-26,GLD,381.03,382.55,379.03,380.55,16827014
2026-08-26,DBC,231.94,232.86,230.37,231.29,8124757
2026-08-27,SPY,410.33,411.97,405.88,407.51,1322472
2026-08-27,QQQ,400.46,402.06,391.62,393.2,15928263
2026-08-27,IWM,485.1,487.04,477.35,479.27,7048069
2026-08-27,EFA,241.95,243.34,240.98,242.37,16619746
2026-08-27,EEM,795.77,814.92,792.59,811.67,8815046
2026-08-27,TLT,90.06,90.42,89.13,89.48,15449877
2026-08-27,GLD,380.55,389.78,379.03,388.23,19204709
2026-08-27,DBC,231.29,235.54,230.37,234.6,14727730
2026-08-28,SPY,407.51,409.14,404.47,406.09,8801286
2026-08-28,QQQ,393.2,396.12,391.62,394.55,13442182
2026-08-28,IWM,479.27,481.19,477.3,479.22,17587330
2026-08-28,EFA,242.37,243.34,239.36,240.32,13244251
2026-08-28,EEM,811.67,819.89,808.43,816.63,8212294
2026-08-28,TLT,89.48,90.53,89.13,90.17,9926421
2026-08-28,GLD,388.23,392.85,386.68,391.28,14627778
2026-08-28,DBC,234.6,237.44,233.67,236.5,15119247
2026-08-31,SPY,406.09,407.72,402.23,403.84,16237792
2026-08-31,QQQ,394.55,396.12,388.89,390.45,12141285
2026-08-31,IWM,479.22,481.14,474.23,476.13,15670638
2026-08-31,EFA,240.32,241.28,238.38,239.34,11552693
2026-08-31,EEM,816.63,825.12,813.36,821.83,1591007
2026-08-31,TLT,90.17,91.91,89.81,91.55,6400187
2026-08-31,GLD,391.28,392.85,388.23,389.78,10804148
2026-08-31,DBC,236.5,238.26,235.55,237.31,19462721
2026-09-01,SPY,403.84,405.46,399.32,400.92,7586835
2026-09-01,QQQ,390.45,392.01,383.93,385.47,13388779
2026-09-01,IWM,476.13,478.7,474.23,476.79,9582058
2026-09-01,EFA,239.34,240.3,236.57,237.52,6483052
2026-09-01,EEM,821.83,831.06,818.55,827.75,2531128
2026-09-01,TLT,91.55,91.91,89.58,89.94,7654404
2026-09-01,GLD,389.78,395.02,388.23,393.44,14833063
2026-09-01,DBC,237.31,238.26,234.59,235.53,19812548
